-- INSERT statements for AIRLINE
INSERT INTO AIRLINE (AIR_ID, AIR_NAME, AIR_CODE) VALUES (1001, 'United Air Lines Inc.', 'UN');
INSERT INTO AIRLINE (AIR_ID, AIR_NAME, AIR_CODE) VALUES (1002, 'American Airlines Inc', 'AM');
INSERT INTO AIRLINE (AIR_ID, AIR_NAME, AIR_CODE) VALUES (1003, 'US Airways Inc.', 'US');
INSERT INTO AIRLINE (AIR_ID, AIR_NAME, AIR_CODE) VALUES (1004, 'JetBlue Airways', 'JE');
INSERT INTO AIRLINE (AIR_ID, AIR_NAME, AIR_CODE) VALUES (1005, 'Skywest Airlines Inc.', 'SK');
INSERT INTO AIRLINE (AIR_ID, AIR_NAME, AIR_CODE) VALUES (1006, 'Alaska Airlines Inc.', 'AL');
INSERT INTO AIRLINE (AIR_ID, AIR_NAME, AIR_CODE) VALUES (1007, 'Spirit Air Lines', 'SP');
INSERT INTO AIRLINE (AIR_ID, AIR_NAME, AIR_CODE) VALUES (1008, 'Southwest Airlines Co.', 'SO');
INSERT INTO AIRLINE (AIR_ID, AIR_NAME, AIR_CODE) VALUES (1009, 'Delta Air Lines Inc.', 'DE');
INSERT INTO AIRLINE (AIR_ID, AIR_NAME, AIR_CODE) VALUES (1010, 'Atlantic Southeast Airlines', 'AT');
INSERT INTO AIRLINE (AIR_ID, AIR_NAME, AIR_CODE) VALUES (1011, 'Hawaiian Airlines Inc.', 'HA');
INSERT INTO AIRLINE (AIR_ID, AIR_NAME, AIR_CODE) VALUES (1012, 'American Eagle Airlines Inc.', 'AM9');
INSERT INTO AIRLINE (AIR_ID, AIR_NAME, AIR_CODE) VALUES (1013, 'Virgin America', 'VI');
INSERT INTO AIRLINE (AIR_ID, AIR_NAME, AIR_CODE) VALUES (1014, 'Frontier Airlines', 'FR');
INSERT INTO AIRLINE (AIR_ID, AIR_NAME, AIR_CODE) VALUES (1015, 'AA Air', 'AA');
INSERT INTO AIRLINE (AIR_ID, AIR_NAME, AIR_CODE) VALUES (1016, 'AB Air', 'AB');
INSERT INTO AIRLINE (AIR_ID, AIR_NAME, AIR_CODE) VALUES (1017, 'AC Air', 'AC');
INSERT INTO AIRLINE (AIR_ID, AIR_NAME, AIR_CODE) VALUES (1018, 'AD Air', 'AD');
INSERT INTO AIRLINE (AIR_ID, AIR_NAME, AIR_CODE) VALUES (1019, 'AE Air', 'AE');
INSERT INTO AIRLINE (AIR_ID, AIR_NAME, AIR_CODE) VALUES (1020, 'AF Air', 'AF');
INSERT INTO AIRLINE (AIR_ID, AIR_NAME, AIR_CODE) VALUES (1021, 'AG Air', 'AG');
INSERT INTO AIRLINE (AIR_ID, AIR_NAME, AIR_CODE) VALUES (1022, 'AH Air', 'AH');
INSERT INTO AIRLINE (AIR_ID, AIR_NAME, AIR_CODE) VALUES (1023, 'AI Air', 'AI');
INSERT INTO AIRLINE (AIR_ID, AIR_NAME, AIR_CODE) VALUES (1024, 'AJ Air', 'AJ');
INSERT INTO AIRLINE (AIR_ID, AIR_NAME, AIR_CODE) VALUES (1025, 'AK Air', 'AK');
INSERT INTO AIRLINE (AIR_ID, AIR_NAME, AIR_CODE) VALUES (1026, 'AL Air', 'AL1');
INSERT INTO AIRLINE (AIR_ID, AIR_NAME, AIR_CODE) VALUES (1027, 'AM Air', 'AM1');
INSERT INTO AIRLINE (AIR_ID, AIR_NAME, AIR_CODE) VALUES (1028, 'AN Air', 'AN');
INSERT INTO AIRLINE (AIR_ID, AIR_NAME, AIR_CODE) VALUES (1029, 'AO Air', 'AO');
INSERT INTO AIRLINE (AIR_ID, AIR_NAME, AIR_CODE) VALUES (1030, 'AP Air', 'AP');
INSERT INTO AIRLINE (AIR_ID, AIR_NAME, AIR_CODE) VALUES (1031, 'AQ Air', 'AQ');
INSERT INTO AIRLINE (AIR_ID, AIR_NAME, AIR_CODE) VALUES (1032, 'AR Air', 'AR');
INSERT INTO AIRLINE (AIR_ID, AIR_NAME, AIR_CODE) VALUES (1033, 'AS Air', 'AS');
INSERT INTO AIRLINE (AIR_ID, AIR_NAME, AIR_CODE) VALUES (1034, 'AT Air', 'AT3');
INSERT INTO AIRLINE (AIR_ID, AIR_NAME, AIR_CODE) VALUES (1035, 'AU Air', 'AU');
INSERT INTO AIRLINE (AIR_ID, AIR_NAME, AIR_CODE) VALUES (1036, 'AV Air', 'AV');
INSERT INTO AIRLINE (AIR_ID, AIR_NAME, AIR_CODE) VALUES (1037, 'AW Air', 'AW');
INSERT INTO AIRLINE (AIR_ID, AIR_NAME, AIR_CODE) VALUES (1038, 'AX Air', 'AX');
INSERT INTO AIRLINE (AIR_ID, AIR_NAME, AIR_CODE) VALUES (1039, 'AY Air', 'AY');
INSERT INTO AIRLINE (AIR_ID, AIR_NAME, AIR_CODE) VALUES (1040, 'AZ Air', 'AZ');
INSERT INTO AIRLINE (AIR_ID, AIR_NAME, AIR_CODE) VALUES (1041, 'BA Air', 'BA');
INSERT INTO AIRLINE (AIR_ID, AIR_NAME, AIR_CODE) VALUES (1042, 'BB Air', 'BB');
INSERT INTO AIRLINE (AIR_ID, AIR_NAME, AIR_CODE) VALUES (1043, 'BC Air', 'BC');
INSERT INTO AIRLINE (AIR_ID, AIR_NAME, AIR_CODE) VALUES (1044, 'BD Air', 'BD');
INSERT INTO AIRLINE (AIR_ID, AIR_NAME, AIR_CODE) VALUES (1045, 'BE Air', 'BE');
INSERT INTO AIRLINE (AIR_ID, AIR_NAME, AIR_CODE) VALUES (1046, 'BF Air', 'BF');
INSERT INTO AIRLINE (AIR_ID, AIR_NAME, AIR_CODE) VALUES (1047, 'BG Air', 'BG');
INSERT INTO AIRLINE (AIR_ID, AIR_NAME, AIR_CODE) VALUES (1048, 'BH Air', 'BH');
INSERT INTO AIRLINE (AIR_ID, AIR_NAME, AIR_CODE) VALUES (1049, 'BI Air', 'BI');
INSERT INTO AIRLINE (AIR_ID, AIR_NAME, AIR_CODE) VALUES (1050, 'BJ Air', 'BJ');
INSERT INTO AIRLINE (AIR_ID, AIR_NAME, AIR_CODE) VALUES (1051, 'BK Air', 'BK');
INSERT INTO AIRLINE (AIR_ID, AIR_NAME, AIR_CODE) VALUES (1052, 'BL Air', 'BL');
INSERT INTO AIRLINE (AIR_ID, AIR_NAME, AIR_CODE) VALUES (1053, 'BM Air', 'BM');
INSERT INTO AIRLINE (AIR_ID, AIR_NAME, AIR_CODE) VALUES (1054, 'BN Air', 'BN');
INSERT INTO AIRLINE (AIR_ID, AIR_NAME, AIR_CODE) VALUES (1055, 'BO Air', 'BO');
INSERT INTO AIRLINE (AIR_ID, AIR_NAME, AIR_CODE) VALUES (1056, 'BP Air', 'BP');
INSERT INTO AIRLINE (AIR_ID, AIR_NAME, AIR_CODE) VALUES (1057, 'BQ Air', 'BQ');
INSERT INTO AIRLINE (AIR_ID, AIR_NAME, AIR_CODE) VALUES (1058, 'BR Air', 'BR');
INSERT INTO AIRLINE (AIR_ID, AIR_NAME, AIR_CODE) VALUES (1059, 'BS Air', 'BS');
INSERT INTO AIRLINE (AIR_ID, AIR_NAME, AIR_CODE) VALUES (1060, 'BT Air', 'BT');
INSERT INTO AIRLINE (AIR_ID, AIR_NAME, AIR_CODE) VALUES (1061, 'BU Air', 'BU');
INSERT INTO AIRLINE (AIR_ID, AIR_NAME, AIR_CODE) VALUES (1062, 'BV Air', 'BV');
INSERT INTO AIRLINE (AIR_ID, AIR_NAME, AIR_CODE) VALUES (1063, 'BW Air', 'BW');
INSERT INTO AIRLINE (AIR_ID, AIR_NAME, AIR_CODE) VALUES (1064, 'BX Air', 'BX');
INSERT INTO AIRLINE (AIR_ID, AIR_NAME, AIR_CODE) VALUES (1065, 'BY Air', 'BY');
INSERT INTO AIRLINE (AIR_ID, AIR_NAME, AIR_CODE) VALUES (1066, 'BZ Air', 'BZ');
INSERT INTO AIRLINE (AIR_ID, AIR_NAME, AIR_CODE) VALUES (1067, 'CA Air', 'CA');
INSERT INTO AIRLINE (AIR_ID, AIR_NAME, AIR_CODE) VALUES (1068, 'CB Air', 'CB');
INSERT INTO AIRLINE (AIR_ID, AIR_NAME, AIR_CODE) VALUES (1069, 'CC Air', 'CC');
INSERT INTO AIRLINE (AIR_ID, AIR_NAME, AIR_CODE) VALUES (1070, 'CD Air', 'CD');
INSERT INTO AIRLINE (AIR_ID, AIR_NAME, AIR_CODE) VALUES (1071, 'CE Air', 'CE');
INSERT INTO AIRLINE (AIR_ID, AIR_NAME, AIR_CODE) VALUES (1072, 'CF Air', 'CF');
INSERT INTO AIRLINE (AIR_ID, AIR_NAME, AIR_CODE) VALUES (1073, 'CG Air', 'CG');
INSERT INTO AIRLINE (AIR_ID, AIR_NAME, AIR_CODE) VALUES (1074, 'CH Air', 'CH');
INSERT INTO AIRLINE (AIR_ID, AIR_NAME, AIR_CODE) VALUES (1075, 'CI Air', 'CI');
INSERT INTO AIRLINE (AIR_ID, AIR_NAME, AIR_CODE) VALUES (1076, 'CJ Air', 'CJ');
INSERT INTO AIRLINE (AIR_ID, AIR_NAME, AIR_CODE) VALUES (1077, 'CK Air', 'CK');
INSERT INTO AIRLINE (AIR_ID, AIR_NAME, AIR_CODE) VALUES (1078, 'CL Air', 'CL');
INSERT INTO AIRLINE (AIR_ID, AIR_NAME, AIR_CODE) VALUES (1079, 'CM Air', 'CM');
INSERT INTO AIRLINE (AIR_ID, AIR_NAME, AIR_CODE) VALUES (1080, 'CN Air', 'CN');
INSERT INTO AIRLINE (AIR_ID, AIR_NAME, AIR_CODE) VALUES (1081, 'CO Air', 'CO');
INSERT INTO AIRLINE (AIR_ID, AIR_NAME, AIR_CODE) VALUES (1082, 'CP Air', 'CP');
INSERT INTO AIRLINE (AIR_ID, AIR_NAME, AIR_CODE) VALUES (1083, 'CQ Air', 'CQ');
INSERT INTO AIRLINE (AIR_ID, AIR_NAME, AIR_CODE) VALUES (1084, 'CR Air', 'CR');
INSERT INTO AIRLINE (AIR_ID, AIR_NAME, AIR_CODE) VALUES (1085, 'CS Air', 'CS');
INSERT INTO AIRLINE (AIR_ID, AIR_NAME, AIR_CODE) VALUES (1086, 'CT Air', 'CT');
INSERT INTO AIRLINE (AIR_ID, AIR_NAME, AIR_CODE) VALUES (1087, 'CU Air', 'CU');
INSERT INTO AIRLINE (AIR_ID, AIR_NAME, AIR_CODE) VALUES (1088, 'CV Air', 'CV');
INSERT INTO AIRLINE (AIR_ID, AIR_NAME, AIR_CODE) VALUES (1089, 'CW Air', 'CW');
INSERT INTO AIRLINE (AIR_ID, AIR_NAME, AIR_CODE) VALUES (1090, 'CX Air', 'CX');
INSERT INTO AIRLINE (AIR_ID, AIR_NAME, AIR_CODE) VALUES (1091, 'CY Air', 'CY');
INSERT INTO AIRLINE (AIR_ID, AIR_NAME, AIR_CODE) VALUES (1092, 'CZ Air', 'CZ');
INSERT INTO AIRLINE (AIR_ID, AIR_NAME, AIR_CODE) VALUES (1093, 'DA Air', 'DA');
INSERT INTO AIRLINE (AIR_ID, AIR_NAME, AIR_CODE) VALUES (1094, 'DB Air', 'DB');
INSERT INTO AIRLINE (AIR_ID, AIR_NAME, AIR_CODE) VALUES (1095, 'DC Air', 'DC');
INSERT INTO AIRLINE (AIR_ID, AIR_NAME, AIR_CODE) VALUES (1096, 'DD Air', 'DD');
INSERT INTO AIRLINE (AIR_ID, AIR_NAME, AIR_CODE) VALUES (1097, 'DE Air', 'DE1');
INSERT INTO AIRLINE (AIR_ID, AIR_NAME, AIR_CODE) VALUES (1098, 'DF Air', 'DF');
INSERT INTO AIRLINE (AIR_ID, AIR_NAME, AIR_CODE) VALUES (1099, 'DG Air', 'DG');
INSERT INTO AIRLINE (AIR_ID, AIR_NAME, AIR_CODE) VALUES (1100, 'DH Air', 'DH');

-- INSERT statements for AIRPORT
INSERT INTO AIRPORT (AIRP_ID, AIRP_NAME, AIRP_CODE, CITY) VALUES (2001, 'Lehigh Valley International Airport', 'ABE', 'Allentown');
INSERT INTO AIRPORT (AIRP_ID, AIRP_NAME, AIRP_CODE, CITY) VALUES (2002, 'Abilene Regional Airport', 'ABI', 'Abilene');
INSERT INTO AIRPORT (AIRP_ID, AIRP_NAME, AIRP_CODE, CITY) VALUES (2003, 'Albuquerque International Sunport', 'ABQ', 'Albuquerque');
INSERT INTO AIRPORT (AIRP_ID, AIRP_NAME, AIRP_CODE, CITY) VALUES (2004, 'Aberdeen Regional Airport', 'ABR', 'Aberdeen');
INSERT INTO AIRPORT (AIRP_ID, AIRP_NAME, AIRP_CODE, CITY) VALUES (2005, 'Southwest Georgia Regional Airport', 'ABY', 'Albany');
INSERT INTO AIRPORT (AIRP_ID, AIRP_NAME, AIRP_CODE, CITY) VALUES (2006, 'Nantucket Memorial Airport', 'ACK', 'Nantucket');
INSERT INTO AIRPORT (AIRP_ID, AIRP_NAME, AIRP_CODE, CITY) VALUES (2007, 'Waco Regional Airport', 'ACT', 'Waco');
INSERT INTO AIRPORT (AIRP_ID, AIRP_NAME, AIRP_CODE, CITY) VALUES (2008, 'Arcata Airport', 'ACV', 'Arcata/Eureka');
INSERT INTO AIRPORT (AIRP_ID, AIRP_NAME, AIRP_CODE, CITY) VALUES (2009, 'Atlantic City International Airport', 'ACY', 'Atlantic City');
INSERT INTO AIRPORT (AIRP_ID, AIRP_NAME, AIRP_CODE, CITY) VALUES (2010, 'Adak Airport', 'ADK', 'Adak');
INSERT INTO AIRPORT (AIRP_ID, AIRP_NAME, AIRP_CODE, CITY) VALUES (2011, 'Kodiak Airport', 'ADQ', 'Kodiak');
INSERT INTO AIRPORT (AIRP_ID, AIRP_NAME, AIRP_CODE, CITY) VALUES (2012, 'Alexandria International Airport', 'AEX', 'Alexandria');
INSERT INTO AIRPORT (AIRP_ID, AIRP_NAME, AIRP_CODE, CITY) VALUES (2013, 'Augusta Regional Airport (Bush Field)', 'AGS', 'Augusta');
INSERT INTO AIRPORT (AIRP_ID, AIRP_NAME, AIRP_CODE, CITY) VALUES (2014, 'King Salmon Airport', 'AKN', 'King Salmon');
INSERT INTO AIRPORT (AIRP_ID, AIRP_NAME, AIRP_CODE, CITY) VALUES (2015, 'Albany International Airport', 'ALB', 'Albany');
INSERT INTO AIRPORT (AIRP_ID, AIRP_NAME, AIRP_CODE, CITY) VALUES (2016, 'Waterloo Regional Airport', 'ALO', 'Waterloo');
INSERT INTO AIRPORT (AIRP_ID, AIRP_NAME, AIRP_CODE, CITY) VALUES (2017, 'Rick Husband Amarillo International Airport', 'AMA', 'Amarillo');
INSERT INTO AIRPORT (AIRP_ID, AIRP_NAME, AIRP_CODE, CITY) VALUES (2018, 'Ted Stevens Anchorage International Airport', 'ANC', 'Anchorage');
INSERT INTO AIRPORT (AIRP_ID, AIRP_NAME, AIRP_CODE, CITY) VALUES (2019, 'Alpena County Regional Airport', 'APN', 'Alpena');
INSERT INTO AIRPORT (AIRP_ID, AIRP_NAME, AIRP_CODE, CITY) VALUES (2020, 'Aspen-Pitkin County Airport', 'ASE', 'Aspen');
INSERT INTO AIRPORT (AIRP_ID, AIRP_NAME, AIRP_CODE, CITY) VALUES (2021, 'Hartsfield-Jackson Atlanta International Airport', 'ATL', 'Atlanta');
INSERT INTO AIRPORT (AIRP_ID, AIRP_NAME, AIRP_CODE, CITY) VALUES (2022, 'Appleton International Airport', 'ATW', 'Appleton');
INSERT INTO AIRPORT (AIRP_ID, AIRP_NAME, AIRP_CODE, CITY) VALUES (2023, 'Austin-Bergstrom International Airport', 'AUS', 'Austin');
INSERT INTO AIRPORT (AIRP_ID, AIRP_NAME, AIRP_CODE, CITY) VALUES (2024, 'Asheville Regional Airport', 'AVL', 'Asheville');
INSERT INTO AIRPORT (AIRP_ID, AIRP_NAME, AIRP_CODE, CITY) VALUES (2025, 'Wilkes-Barre/Scranton International Airport', 'AVP', 'Wilkes-Barre/Scranton');
INSERT INTO AIRPORT (AIRP_ID, AIRP_NAME, AIRP_CODE, CITY) VALUES (2026, 'Kalamazoo/Battle Creek International Airport', 'AZO', 'Kalamazoo');
INSERT INTO AIRPORT (AIRP_ID, AIRP_NAME, AIRP_CODE, CITY) VALUES (2027, 'Bradley International Airport', 'BDL', 'Windsor Locks');
INSERT INTO AIRPORT (AIRP_ID, AIRP_NAME, AIRP_CODE, CITY) VALUES (2028, 'Bethel Airport', 'BET', 'Bethel');
INSERT INTO AIRPORT (AIRP_ID, AIRP_NAME, AIRP_CODE, CITY) VALUES (2029, 'Meadows Field', 'BFL', 'Bakersfield');
INSERT INTO AIRPORT (AIRP_ID, AIRP_NAME, AIRP_CODE, CITY) VALUES (2030, 'Greater Binghamton Airport', 'BGM', 'Binghamton');
INSERT INTO AIRPORT (AIRP_ID, AIRP_NAME, AIRP_CODE, CITY) VALUES (2031, 'Bangor International Airport', 'BGR', 'Bangor');
INSERT INTO AIRPORT (AIRP_ID, AIRP_NAME, AIRP_CODE, CITY) VALUES (2032, 'Birmingham-Shuttlesworth International Airport', 'BHM', 'Birmingham');
INSERT INTO AIRPORT (AIRP_ID, AIRP_NAME, AIRP_CODE, CITY) VALUES (2033, 'Billings Logan International Airport', 'BIL', 'Billings');
INSERT INTO AIRPORT (AIRP_ID, AIRP_NAME, AIRP_CODE, CITY) VALUES (2034, 'Bismarck Municipal Airport', 'BIS', 'Bismarck');
INSERT INTO AIRPORT (AIRP_ID, AIRP_NAME, AIRP_CODE, CITY) VALUES (2035, 'Bemidji Regional Airport', 'BJI', 'Bemidji');
INSERT INTO AIRPORT (AIRP_ID, AIRP_NAME, AIRP_CODE, CITY) VALUES (2036, 'Bellingham International Airport', 'BLI', 'Bellingham');
INSERT INTO AIRPORT (AIRP_ID, AIRP_NAME, AIRP_CODE, CITY) VALUES (2037, 'Central Illinois Regional Airport at Bloomington-Normal', 'BMI', 'Bloomington');
INSERT INTO AIRPORT (AIRP_ID, AIRP_NAME, AIRP_CODE, CITY) VALUES (2038, 'Nashville International Airport', 'BNA', 'Nashville');
INSERT INTO AIRPORT (AIRP_ID, AIRP_NAME, AIRP_CODE, CITY) VALUES (2039, 'Boise Airport (Boise Air Terminal)', 'BOI', 'Boise');
INSERT INTO AIRPORT (AIRP_ID, AIRP_NAME, AIRP_CODE, CITY) VALUES (2040, 'Gen. Edward Lawrence Logan International Airport', 'BOS', 'Boston');
INSERT INTO AIRPORT (AIRP_ID, AIRP_NAME, AIRP_CODE, CITY) VALUES (2041, 'Jack Brooks Regional Airport (Southeast Texas Regional)', 'BPT', 'Beaumont/Port Arthur');
INSERT INTO AIRPORT (AIRP_ID, AIRP_NAME, AIRP_CODE, CITY) VALUES (2042, 'Brunswick Golden Isles Airport', 'BQK', 'Brunswick');
INSERT INTO AIRPORT (AIRP_ID, AIRP_NAME, AIRP_CODE, CITY) VALUES (2043, 'Rafael Hernández Airport', 'BQN', 'Aguadilla');
INSERT INTO AIRPORT (AIRP_ID, AIRP_NAME, AIRP_CODE, CITY) VALUES (2044, 'Brainerd Lakes Regional Airport', 'BRD', 'Brainerd');
INSERT INTO AIRPORT (AIRP_ID, AIRP_NAME, AIRP_CODE, CITY) VALUES (2045, 'Brownsville/South Padre Island International Airport', 'BRO', 'Brownsville');
INSERT INTO AIRPORT (AIRP_ID, AIRP_NAME, AIRP_CODE, CITY) VALUES (2046, 'Wiley Post-Will Rogers Memorial Airport', 'BRW', 'Barrow');
INSERT INTO AIRPORT (AIRP_ID, AIRP_NAME, AIRP_CODE, CITY) VALUES (2047, 'Bert Mooney Airport', 'BTM', 'Butte');
INSERT INTO AIRPORT (AIRP_ID, AIRP_NAME, AIRP_CODE, CITY) VALUES (2048, 'Baton Rouge Metropolitan Airport', 'BTR', 'Baton Rouge');
INSERT INTO AIRPORT (AIRP_ID, AIRP_NAME, AIRP_CODE, CITY) VALUES (2049, 'Burlington International Airport', 'BTV', 'Burlington');
INSERT INTO AIRPORT (AIRP_ID, AIRP_NAME, AIRP_CODE, CITY) VALUES (2050, 'Buffalo Niagara International Airport', 'BUF', 'Buffalo');
INSERT INTO AIRPORT (AIRP_ID, AIRP_NAME, AIRP_CODE, CITY) VALUES (2051, 'Bob Hope Airport (Hollywood Burbank Airport)', 'BUR', 'Burbank');
INSERT INTO AIRPORT (AIRP_ID, AIRP_NAME, AIRP_CODE, CITY) VALUES (2052, 'Baltimore-Washington International Airport', 'BWI', 'Baltimore');
INSERT INTO AIRPORT (AIRP_ID, AIRP_NAME, AIRP_CODE, CITY) VALUES (2053, 'Bozeman Yellowstone International Airport (Gallatin Field Airport)', 'BZN', 'Bozeman');
INSERT INTO AIRPORT (AIRP_ID, AIRP_NAME, AIRP_CODE, CITY) VALUES (2054, 'Columbia Metropolitan Airport', 'CAE', 'Columbia');
INSERT INTO AIRPORT (AIRP_ID, AIRP_NAME, AIRP_CODE, CITY) VALUES (2055, 'Akron-Canton Regional Airport', 'CAK', 'Akron');
INSERT INTO AIRPORT (AIRP_ID, AIRP_NAME, AIRP_CODE, CITY) VALUES (2056, 'Cedar City Regional Airport', 'CDC', 'Cedar City');
INSERT INTO AIRPORT (AIRP_ID, AIRP_NAME, AIRP_CODE, CITY) VALUES (2057, 'Merle K. (Mudhole) Smith Airport', 'CDV', 'Cordova');
INSERT INTO AIRPORT (AIRP_ID, AIRP_NAME, AIRP_CODE, CITY) VALUES (2058, 'Del Norte County Airport (Jack McNamara Field)', 'CEC', 'Crescent City');
INSERT INTO AIRPORT (AIRP_ID, AIRP_NAME, AIRP_CODE, CITY) VALUES (2059, 'Chattanooga Metropolitan Airport (Lovell Field)', 'CHA', 'Chattanooga');
INSERT INTO AIRPORT (AIRP_ID, AIRP_NAME, AIRP_CODE, CITY) VALUES (2060, 'Charlottesville-Albemarle Airport', 'CHO', 'Charlottesville');
INSERT INTO AIRPORT (AIRP_ID, AIRP_NAME, AIRP_CODE, CITY) VALUES (2061, 'Charleston International Airport/Charleston AFB', 'CHS', 'Charleston');
INSERT INTO AIRPORT (AIRP_ID, AIRP_NAME, AIRP_CODE, CITY) VALUES (2062, 'The Eastern Iowa Airport', 'CID', 'Cedar Rapids');
INSERT INTO AIRPORT (AIRP_ID, AIRP_NAME, AIRP_CODE, CITY) VALUES (2063, 'Chippewa County International Airport', 'CIU', 'Sault Ste. Marie');
INSERT INTO AIRPORT (AIRP_ID, AIRP_NAME, AIRP_CODE, CITY) VALUES (2064, 'McClellan-Palomar Airport', 'CLD', 'San Diego');
INSERT INTO AIRPORT (AIRP_ID, AIRP_NAME, AIRP_CODE, CITY) VALUES (2065, 'Cleveland Hopkins International Airport', 'CLE', 'Cleveland');
INSERT INTO AIRPORT (AIRP_ID, AIRP_NAME, AIRP_CODE, CITY) VALUES (2066, 'Easterwood Airport', 'CLL', 'College Station');
INSERT INTO AIRPORT (AIRP_ID, AIRP_NAME, AIRP_CODE, CITY) VALUES (2067, 'Charlotte Douglas International Airport', 'CLT', 'Charlotte');
INSERT INTO AIRPORT (AIRP_ID, AIRP_NAME, AIRP_CODE, CITY) VALUES (2068, 'Port Columbus International Airport', 'CMH', 'Columbus');
INSERT INTO AIRPORT (AIRP_ID, AIRP_NAME, AIRP_CODE, CITY) VALUES (2069, 'University of Illinois - Willard Airport', 'CMI', 'Champaign/Urbana');
INSERT INTO AIRPORT (AIRP_ID, AIRP_NAME, AIRP_CODE, CITY) VALUES (2070, 'Houghton County Memorial Airport', 'CMX', 'Hancock');
INSERT INTO AIRPORT (AIRP_ID, AIRP_NAME, AIRP_CODE, CITY) VALUES (2071, 'Canyonlands Field', 'CNY', 'Moab');
INSERT INTO AIRPORT (AIRP_ID, AIRP_NAME, AIRP_CODE, CITY) VALUES (2072, 'Yellowstone Regional Airport', 'COD', 'Cody');
INSERT INTO AIRPORT (AIRP_ID, AIRP_NAME, AIRP_CODE, CITY) VALUES (2073, 'City of Colorado Springs Municipal Airport', 'COS', 'Colorado Springs');
INSERT INTO AIRPORT (AIRP_ID, AIRP_NAME, AIRP_CODE, CITY) VALUES (2074, 'Columbia Regional Airport', 'COU', 'Columbia');
INSERT INTO AIRPORT (AIRP_ID, AIRP_NAME, AIRP_CODE, CITY) VALUES (2075, 'Natrona County International Airport', 'CPR', 'Casper');
INSERT INTO AIRPORT (AIRP_ID, AIRP_NAME, AIRP_CODE, CITY) VALUES (2076, 'Corpus Christi International Airport', 'CRP', 'Corpus Christi');
INSERT INTO AIRPORT (AIRP_ID, AIRP_NAME, AIRP_CODE, CITY) VALUES (2077, 'Yeager Airport', 'CRW', 'Charleston');
INSERT INTO AIRPORT (AIRP_ID, AIRP_NAME, AIRP_CODE, CITY) VALUES (2078, 'Columbus Metropolitan Airport', 'CSG', 'Columbus');
INSERT INTO AIRPORT (AIRP_ID, AIRP_NAME, AIRP_CODE, CITY) VALUES (2079, 'Cincinnati/Northern Kentucky International Airport', 'CVG', 'Covington');
INSERT INTO AIRPORT (AIRP_ID, AIRP_NAME, AIRP_CODE, CITY) VALUES (2080, 'Central Wisconsin Airport', 'CWA', 'Mosinee');
INSERT INTO AIRPORT (AIRP_ID, AIRP_NAME, AIRP_CODE, CITY) VALUES (2081, 'Daytona Beach International Airport', 'DAB', 'Daytona Beach');
INSERT INTO AIRPORT (AIRP_ID, AIRP_NAME, AIRP_CODE, CITY) VALUES (2082, 'Dallas Love Field', 'DAL', 'Dallas');
INSERT INTO AIRPORT (AIRP_ID, AIRP_NAME, AIRP_CODE, CITY) VALUES (2083, 'Martha''s Vineyard Airport', 'MVY', 'Marthas Vineyard');
INSERT INTO AIRPORT (AIRP_ID, AIRP_NAME, AIRP_CODE, CITY) VALUES (2084, 'Myrtle Beach International Airport', 'MYR', 'Myrtle Beach');
INSERT INTO AIRPORT (AIRP_ID, AIRP_NAME, AIRP_CODE, CITY) VALUES (2085, 'Albert J. Ellis Airport', 'OAJ', 'Jacksonville');
INSERT INTO AIRPORT (AIRP_ID, AIRP_NAME, AIRP_CODE, CITY) VALUES (2086, 'Oakland International Airport', 'OAK', 'Oakland');
INSERT INTO AIRPORT (AIRP_ID, AIRP_NAME, AIRP_CODE, CITY) VALUES (2087, 'Kahului Airport', 'OGG', 'Kahului');
INSERT INTO AIRPORT (AIRP_ID, AIRP_NAME, AIRP_CODE, CITY) VALUES (2088, 'Will Rogers World Airport', 'OKC', 'Oklahoma City');
INSERT INTO AIRPORT (AIRP_ID, AIRP_NAME, AIRP_CODE, CITY) VALUES (2089, 'Eppley Airfield', 'OMA', 'Omaha');
INSERT INTO AIRPORT (AIRP_ID, AIRP_NAME, AIRP_CODE, CITY) VALUES (2090, 'Nome Airport', 'OME', 'Nome');
INSERT INTO AIRPORT (AIRP_ID, AIRP_NAME, AIRP_CODE, CITY) VALUES (2091, 'Ontario International Airport', 'ONT', 'Ontario');
INSERT INTO AIRPORT (AIRP_ID, AIRP_NAME, AIRP_CODE, CITY) VALUES (2092, 'Chicago O''Hare International Airport', 'ORD', 'Chicago');
INSERT INTO AIRPORT (AIRP_ID, AIRP_NAME, AIRP_CODE, CITY) VALUES (2093, 'Norfolk International Airport', 'ORF', 'Norfolk');
INSERT INTO AIRPORT (AIRP_ID, AIRP_NAME, AIRP_CODE, CITY) VALUES (2094, 'Worcester Regional Airport', 'ORH', 'Worcester');
INSERT INTO AIRPORT (AIRP_ID, AIRP_NAME, AIRP_CODE, CITY) VALUES (2095, 'Southwest Oregon Regional Airport (North Bend Municipal)', 'OTH', 'North Bend');
INSERT INTO AIRPORT (AIRP_ID, AIRP_NAME, AIRP_CODE, CITY) VALUES (2096, 'Ralph Wien Memorial Airport', 'OTZ', 'Kotzebue');
INSERT INTO AIRPORT (AIRP_ID, AIRP_NAME, AIRP_CODE, CITY) VALUES (2097, 'Barkley Regional Airport', 'PAH', 'Paducah');
INSERT INTO AIRPORT (AIRP_ID, AIRP_NAME, AIRP_CODE, CITY) VALUES (2098, 'Plattsburgh International Airport', 'PBG', 'Plattsburgh');
INSERT INTO AIRPORT (AIRP_ID, AIRP_NAME, AIRP_CODE, CITY) VALUES (2099, 'Palm Beach International Airport', 'PBI', 'West Palm Beach');
INSERT INTO AIRPORT (AIRP_ID, AIRP_NAME, AIRP_CODE, CITY) VALUES (2100, 'Portland International Airport', 'PDX', 'Portland');

-- INSERT statements for AIRLINE_AIRPORT
INSERT INTO AIRLINE_AIRPORT (AIRLINE_AIRPORT_ID, AIR_ID, AIRP_ID) VALUES (1, 1011, 2100);
INSERT INTO AIRLINE_AIRPORT (AIRLINE_AIRPORT_ID, AIR_ID, AIRP_ID) VALUES (2, 1020, 2013);
INSERT INTO AIRLINE_AIRPORT (AIRLINE_AIRPORT_ID, AIR_ID, AIRP_ID) VALUES (3, 1007, 2073);
INSERT INTO AIRLINE_AIRPORT (AIRLINE_AIRPORT_ID, AIR_ID, AIRP_ID) VALUES (4, 1048, 2084);
INSERT INTO AIRLINE_AIRPORT (AIRLINE_AIRPORT_ID, AIR_ID, AIRP_ID) VALUES (5, 1098, 2004);
INSERT INTO AIRLINE_AIRPORT (AIRLINE_AIRPORT_ID, AIR_ID, AIRP_ID) VALUES (6, 1015, 2087);
INSERT INTO AIRLINE_AIRPORT (AIRLINE_AIRPORT_ID, AIR_ID, AIRP_ID) VALUES (7, 1047, 2007);
INSERT INTO AIRLINE_AIRPORT (AIRLINE_AIRPORT_ID, AIR_ID, AIRP_ID) VALUES (8, 1065, 2074);
INSERT INTO AIRLINE_AIRPORT (AIRLINE_AIRPORT_ID, AIR_ID, AIRP_ID) VALUES (9, 1086, 2008);
INSERT INTO AIRLINE_AIRPORT (AIRLINE_AIRPORT_ID, AIR_ID, AIRP_ID) VALUES (10, 1026, 2023);
INSERT INTO AIRLINE_AIRPORT (AIRLINE_AIRPORT_ID, AIR_ID, AIRP_ID) VALUES (11, 1096, 2094);
INSERT INTO AIRLINE_AIRPORT (AIRLINE_AIRPORT_ID, AIR_ID, AIRP_ID) VALUES (12, 1065, 2030);
INSERT INTO AIRLINE_AIRPORT (AIRLINE_AIRPORT_ID, AIR_ID, AIRP_ID) VALUES (13, 1020, 2023);
INSERT INTO AIRLINE_AIRPORT (AIRLINE_AIRPORT_ID, AIR_ID, AIRP_ID) VALUES (14, 1024, 2023);
INSERT INTO AIRLINE_AIRPORT (AIRLINE_AIRPORT_ID, AIR_ID, AIRP_ID) VALUES (15, 1018, 2092);
INSERT INTO AIRLINE_AIRPORT (AIRLINE_AIRPORT_ID, AIR_ID, AIRP_ID) VALUES (16, 1043, 2044);
INSERT INTO AIRLINE_AIRPORT (AIRLINE_AIRPORT_ID, AIR_ID, AIRP_ID) VALUES (17, 1015, 2012);
INSERT INTO AIRLINE_AIRPORT (AIRLINE_AIRPORT_ID, AIR_ID, AIRP_ID) VALUES (18, 1094, 2069);
INSERT INTO AIRLINE_AIRPORT (AIRLINE_AIRPORT_ID, AIR_ID, AIRP_ID) VALUES (19, 1038, 2021);
INSERT INTO AIRLINE_AIRPORT (AIRLINE_AIRPORT_ID, AIR_ID, AIRP_ID) VALUES (20, 1050, 2051);
INSERT INTO AIRLINE_AIRPORT (AIRLINE_AIRPORT_ID, AIR_ID, AIRP_ID) VALUES (21, 1075, 2031);
INSERT INTO AIRLINE_AIRPORT (AIRLINE_AIRPORT_ID, AIR_ID, AIRP_ID) VALUES (22, 1047, 2068);
INSERT INTO AIRLINE_AIRPORT (AIRLINE_AIRPORT_ID, AIR_ID, AIRP_ID) VALUES (23, 1021, 2056);
INSERT INTO AIRLINE_AIRPORT (AIRLINE_AIRPORT_ID, AIR_ID, AIRP_ID) VALUES (24, 1069, 2095);
INSERT INTO AIRLINE_AIRPORT (AIRLINE_AIRPORT_ID, AIR_ID, AIRP_ID) VALUES (25, 1037, 2011);
INSERT INTO AIRLINE_AIRPORT (AIRLINE_AIRPORT_ID, AIR_ID, AIRP_ID) VALUES (26, 1036, 2072);
INSERT INTO AIRLINE_AIRPORT (AIRLINE_AIRPORT_ID, AIR_ID, AIRP_ID) VALUES (27, 1049, 2073);
INSERT INTO AIRLINE_AIRPORT (AIRLINE_AIRPORT_ID, AIR_ID, AIRP_ID) VALUES (28, 1024, 2026);
INSERT INTO AIRLINE_AIRPORT (AIRLINE_AIRPORT_ID, AIR_ID, AIRP_ID) VALUES (29, 1048, 2064);
INSERT INTO AIRLINE_AIRPORT (AIRLINE_AIRPORT_ID, AIR_ID, AIRP_ID) VALUES (30, 1014, 2029);
INSERT INTO AIRLINE_AIRPORT (AIRLINE_AIRPORT_ID, AIR_ID, AIRP_ID) VALUES (31, 1099, 2060);
INSERT INTO AIRLINE_AIRPORT (AIRLINE_AIRPORT_ID, AIR_ID, AIRP_ID) VALUES (32, 1048, 2061);
INSERT INTO AIRLINE_AIRPORT (AIRLINE_AIRPORT_ID, AIR_ID, AIRP_ID) VALUES (33, 1065, 2098);
INSERT INTO AIRLINE_AIRPORT (AIRLINE_AIRPORT_ID, AIR_ID, AIRP_ID) VALUES (34, 1021, 2068);
INSERT INTO AIRLINE_AIRPORT (AIRLINE_AIRPORT_ID, AIR_ID, AIRP_ID) VALUES (35, 1089, 2048);
INSERT INTO AIRLINE_AIRPORT (AIRLINE_AIRPORT_ID, AIR_ID, AIRP_ID) VALUES (36, 1024, 2059);
INSERT INTO AIRLINE_AIRPORT (AIRLINE_AIRPORT_ID, AIR_ID, AIRP_ID) VALUES (37, 1087, 2087);
INSERT INTO AIRLINE_AIRPORT (AIRLINE_AIRPORT_ID, AIR_ID, AIRP_ID) VALUES (38, 1026, 2031);
INSERT INTO AIRLINE_AIRPORT (AIRLINE_AIRPORT_ID, AIR_ID, AIRP_ID) VALUES (39, 1014, 2068);
INSERT INTO AIRLINE_AIRPORT (AIRLINE_AIRPORT_ID, AIR_ID, AIRP_ID) VALUES (40, 1036, 2087);
INSERT INTO AIRLINE_AIRPORT (AIRLINE_AIRPORT_ID, AIR_ID, AIRP_ID) VALUES (41, 1048, 2019);
INSERT INTO AIRLINE_AIRPORT (AIRLINE_AIRPORT_ID, AIR_ID, AIRP_ID) VALUES (42, 1099, 2045);
INSERT INTO AIRLINE_AIRPORT (AIRLINE_AIRPORT_ID, AIR_ID, AIRP_ID) VALUES (43, 1077, 2005);
INSERT INTO AIRLINE_AIRPORT (AIRLINE_AIRPORT_ID, AIR_ID, AIRP_ID) VALUES (44, 1082, 2092);
INSERT INTO AIRLINE_AIRPORT (AIRLINE_AIRPORT_ID, AIR_ID, AIRP_ID) VALUES (45, 1046, 2029);
INSERT INTO AIRLINE_AIRPORT (AIRLINE_AIRPORT_ID, AIR_ID, AIRP_ID) VALUES (46, 1057, 2084);
INSERT INTO AIRLINE_AIRPORT (AIRLINE_AIRPORT_ID, AIR_ID, AIRP_ID) VALUES (47, 1065, 2062);
INSERT INTO AIRLINE_AIRPORT (AIRLINE_AIRPORT_ID, AIR_ID, AIRP_ID) VALUES (48, 1007, 2041);
INSERT INTO AIRLINE_AIRPORT (AIRLINE_AIRPORT_ID, AIR_ID, AIRP_ID) VALUES (49, 1073, 2076);
INSERT INTO AIRLINE_AIRPORT (AIRLINE_AIRPORT_ID, AIR_ID, AIRP_ID) VALUES (50, 1035, 2036);
INSERT INTO AIRLINE_AIRPORT (AIRLINE_AIRPORT_ID, AIR_ID, AIRP_ID) VALUES (51, 1033, 2062);
INSERT INTO AIRLINE_AIRPORT (AIRLINE_AIRPORT_ID, AIR_ID, AIRP_ID) VALUES (52, 1092, 2002);
INSERT INTO AIRLINE_AIRPORT (AIRLINE_AIRPORT_ID, AIR_ID, AIRP_ID) VALUES (53, 1084, 2026);
INSERT INTO AIRLINE_AIRPORT (AIRLINE_AIRPORT_ID, AIR_ID, AIRP_ID) VALUES (54, 1055, 2013);
INSERT INTO AIRLINE_AIRPORT (AIRLINE_AIRPORT_ID, AIR_ID, AIRP_ID) VALUES (55, 1014, 2009);
INSERT INTO AIRLINE_AIRPORT (AIRLINE_AIRPORT_ID, AIR_ID, AIRP_ID) VALUES (56, 1010, 2010);
INSERT INTO AIRLINE_AIRPORT (AIRLINE_AIRPORT_ID, AIR_ID, AIRP_ID) VALUES (57, 1042, 2014);
INSERT INTO AIRLINE_AIRPORT (AIRLINE_AIRPORT_ID, AIR_ID, AIRP_ID) VALUES (58, 1043, 2060);
INSERT INTO AIRLINE_AIRPORT (AIRLINE_AIRPORT_ID, AIR_ID, AIRP_ID) VALUES (59, 1002, 2021);
INSERT INTO AIRLINE_AIRPORT (AIRLINE_AIRPORT_ID, AIR_ID, AIRP_ID) VALUES (60, 1027, 2065);
INSERT INTO AIRLINE_AIRPORT (AIRLINE_AIRPORT_ID, AIR_ID, AIRP_ID) VALUES (61, 1052, 2030);
INSERT INTO AIRLINE_AIRPORT (AIRLINE_AIRPORT_ID, AIR_ID, AIRP_ID) VALUES (62, 1073, 2071);
INSERT INTO AIRLINE_AIRPORT (AIRLINE_AIRPORT_ID, AIR_ID, AIRP_ID) VALUES (63, 1058, 2056);
INSERT INTO AIRLINE_AIRPORT (AIRLINE_AIRPORT_ID, AIR_ID, AIRP_ID) VALUES (64, 1030, 2026);
INSERT INTO AIRLINE_AIRPORT (AIRLINE_AIRPORT_ID, AIR_ID, AIRP_ID) VALUES (65, 1070, 2045);
INSERT INTO AIRLINE_AIRPORT (AIRLINE_AIRPORT_ID, AIR_ID, AIRP_ID) VALUES (66, 1055, 2077);
INSERT INTO AIRLINE_AIRPORT (AIRLINE_AIRPORT_ID, AIR_ID, AIRP_ID) VALUES (67, 1089, 2036);
INSERT INTO AIRLINE_AIRPORT (AIRLINE_AIRPORT_ID, AIR_ID, AIRP_ID) VALUES (68, 1024, 2081);
INSERT INTO AIRLINE_AIRPORT (AIRLINE_AIRPORT_ID, AIR_ID, AIRP_ID) VALUES (69, 1039, 2080);
INSERT INTO AIRLINE_AIRPORT (AIRLINE_AIRPORT_ID, AIR_ID, AIRP_ID) VALUES (70, 1021, 2073);
INSERT INTO AIRLINE_AIRPORT (AIRLINE_AIRPORT_ID, AIR_ID, AIRP_ID) VALUES (71, 1056, 2076);
INSERT INTO AIRLINE_AIRPORT (AIRLINE_AIRPORT_ID, AIR_ID, AIRP_ID) VALUES (72, 1041, 2010);
INSERT INTO AIRLINE_AIRPORT (AIRLINE_AIRPORT_ID, AIR_ID, AIRP_ID) VALUES (73, 1038, 2099);
INSERT INTO AIRLINE_AIRPORT (AIRLINE_AIRPORT_ID, AIR_ID, AIRP_ID) VALUES (74, 1042, 2091);
INSERT INTO AIRLINE_AIRPORT (AIRLINE_AIRPORT_ID, AIR_ID, AIRP_ID) VALUES (75, 1064, 2067);
INSERT INTO AIRLINE_AIRPORT (AIRLINE_AIRPORT_ID, AIR_ID, AIRP_ID) VALUES (76, 1056, 2005);
INSERT INTO AIRLINE_AIRPORT (AIRLINE_AIRPORT_ID, AIR_ID, AIRP_ID) VALUES (77, 1009, 2005);
INSERT INTO AIRLINE_AIRPORT (AIRLINE_AIRPORT_ID, AIR_ID, AIRP_ID) VALUES (78, 1082, 2006);
INSERT INTO AIRLINE_AIRPORT (AIRLINE_AIRPORT_ID, AIR_ID, AIRP_ID) VALUES (79, 1020, 2076);
INSERT INTO AIRLINE_AIRPORT (AIRLINE_AIRPORT_ID, AIR_ID, AIRP_ID) VALUES (80, 1052, 2058);
INSERT INTO AIRLINE_AIRPORT (AIRLINE_AIRPORT_ID, AIR_ID, AIRP_ID) VALUES (81, 1060, 2031);
INSERT INTO AIRLINE_AIRPORT (AIRLINE_AIRPORT_ID, AIR_ID, AIRP_ID) VALUES (82, 1055, 2020);
INSERT INTO AIRLINE_AIRPORT (AIRLINE_AIRPORT_ID, AIR_ID, AIRP_ID) VALUES (83, 1042, 2006);
INSERT INTO AIRLINE_AIRPORT (AIRLINE_AIRPORT_ID, AIR_ID, AIRP_ID) VALUES (84, 1052, 2095);
INSERT INTO AIRLINE_AIRPORT (AIRLINE_AIRPORT_ID, AIR_ID, AIRP_ID) VALUES (85, 1006, 2095);
INSERT INTO AIRLINE_AIRPORT (AIRLINE_AIRPORT_ID, AIR_ID, AIRP_ID) VALUES (86, 1061, 2056);
INSERT INTO AIRLINE_AIRPORT (AIRLINE_AIRPORT_ID, AIR_ID, AIRP_ID) VALUES (87, 1081, 2066);
INSERT INTO AIRLINE_AIRPORT (AIRLINE_AIRPORT_ID, AIR_ID, AIRP_ID) VALUES (88, 1010, 2087);
INSERT INTO AIRLINE_AIRPORT (AIRLINE_AIRPORT_ID, AIR_ID, AIRP_ID) VALUES (89, 1017, 2061);
INSERT INTO AIRLINE_AIRPORT (AIRLINE_AIRPORT_ID, AIR_ID, AIRP_ID) VALUES (90, 1058, 2055);
INSERT INTO AIRLINE_AIRPORT (AIRLINE_AIRPORT_ID, AIR_ID, AIRP_ID) VALUES (91, 1048, 2005);
INSERT INTO AIRLINE_AIRPORT (AIRLINE_AIRPORT_ID, AIR_ID, AIRP_ID) VALUES (92, 1032, 2045);
INSERT INTO AIRLINE_AIRPORT (AIRLINE_AIRPORT_ID, AIR_ID, AIRP_ID) VALUES (93, 1028, 2066);
INSERT INTO AIRLINE_AIRPORT (AIRLINE_AIRPORT_ID, AIR_ID, AIRP_ID) VALUES (94, 1051, 2052);
INSERT INTO AIRLINE_AIRPORT (AIRLINE_AIRPORT_ID, AIR_ID, AIRP_ID) VALUES (95, 1079, 2068);
INSERT INTO AIRLINE_AIRPORT (AIRLINE_AIRPORT_ID, AIR_ID, AIRP_ID) VALUES (96, 1065, 2016);
INSERT INTO AIRLINE_AIRPORT (AIRLINE_AIRPORT_ID, AIR_ID, AIRP_ID) VALUES (97, 1094, 2092);
INSERT INTO AIRLINE_AIRPORT (AIRLINE_AIRPORT_ID, AIR_ID, AIRP_ID) VALUES (98, 1036, 2022);
INSERT INTO AIRLINE_AIRPORT (AIRLINE_AIRPORT_ID, AIR_ID, AIRP_ID) VALUES (99, 1035, 2071);
INSERT INTO AIRLINE_AIRPORT (AIRLINE_AIRPORT_ID, AIR_ID, AIRP_ID) VALUES (100, 1077, 2089);

-- INSERT statements for FLIGHTS
INSERT INTO FLIGHTS (FLIGHT_ID, AIR_ID, DEPART_AIRP_ID, ARRIVAL_AIRP_ID, FLIGHT_DATE, FLIGHT_SCH_DEPART, FLIGHT_ACT_DEPART, FLIGHT_SCH_ARRIVAL, FLIGHT_ACT_ARRIVAL) VALUES (3001, 1020, 2013, 2076, TO_DATE('2023-06-23', 'YYYY-MM-DD'), TO_TIMESTAMP('2023-06-23 17:52:00', 'YYYY-MM-DD HH24:MI:SS'), TO_TIMESTAMP('2023-06-23 17:58:00', 'YYYY-MM-DD HH24:MI:SS'), TO_TIMESTAMP('2023-06-24 00:52:00', 'YYYY-MM-DD HH24:MI:SS'), TO_TIMESTAMP('2023-06-24 00:37:00', 'YYYY-MM-DD HH24:MI:SS'));
INSERT INTO FLIGHTS (FLIGHT_ID, AIR_ID, DEPART_AIRP_ID, ARRIVAL_AIRP_ID, FLIGHT_DATE, FLIGHT_SCH_DEPART, FLIGHT_ACT_DEPART, FLIGHT_SCH_ARRIVAL, FLIGHT_ACT_ARRIVAL) VALUES (3002, 1020, 2023, 2013, TO_DATE('2023-06-23', 'YYYY-MM-DD'), TO_TIMESTAMP('2023-06-23 04:07:00', 'YYYY-MM-DD HH24:MI:SS'), TO_TIMESTAMP('2023-06-23 04:02:00', 'YYYY-MM-DD HH24:MI:SS'), TO_TIMESTAMP('2023-06-23 12:07:00', 'YYYY-MM-DD HH24:MI:SS'), TO_TIMESTAMP('2023-06-23 12:00:00', 'YYYY-MM-DD HH24:MI:SS'));
INSERT INTO FLIGHTS (FLIGHT_ID, AIR_ID, DEPART_AIRP_ID, ARRIVAL_AIRP_ID, FLIGHT_DATE, FLIGHT_SCH_DEPART, FLIGHT_ACT_DEPART, FLIGHT_SCH_ARRIVAL, FLIGHT_ACT_ARRIVAL) VALUES (3003, 1007, 2073, 2041, TO_DATE('2023-03-27', 'YYYY-MM-DD'), TO_TIMESTAMP('2023-03-27 09:44:00', 'YYYY-MM-DD HH24:MI:SS'), TO_TIMESTAMP('2023-03-27 09:37:00', 'YYYY-MM-DD HH24:MI:SS'), TO_TIMESTAMP('2023-03-27 15:44:00', 'YYYY-MM-DD HH24:MI:SS'), TO_TIMESTAMP('2023-03-27 15:35:00', 'YYYY-MM-DD HH24:MI:SS'));
INSERT INTO FLIGHTS (FLIGHT_ID, AIR_ID, DEPART_AIRP_ID, ARRIVAL_AIRP_ID, FLIGHT_DATE, FLIGHT_SCH_DEPART, FLIGHT_ACT_DEPART, FLIGHT_SCH_ARRIVAL, FLIGHT_ACT_ARRIVAL) VALUES (3004, 1007, 2073, 2041, TO_DATE('2023-12-28', 'YYYY-MM-DD'), TO_TIMESTAMP('2023-12-28 02:59:00', 'YYYY-MM-DD HH24:MI:SS'), TO_TIMESTAMP('2023-12-28 03:04:00', 'YYYY-MM-DD HH24:MI:SS'), TO_TIMESTAMP('2023-12-28 05:59:00', 'YYYY-MM-DD HH24:MI:SS'), TO_TIMESTAMP('2023-12-28 06:08:00', 'YYYY-MM-DD HH24:MI:SS'));
INSERT INTO FLIGHTS (FLIGHT_ID, AIR_ID, DEPART_AIRP_ID, ARRIVAL_AIRP_ID, FLIGHT_DATE, FLIGHT_SCH_DEPART, FLIGHT_ACT_DEPART, FLIGHT_SCH_ARRIVAL, FLIGHT_ACT_ARRIVAL) VALUES (3005, 1048, 2084, 2019, TO_DATE('2023-10-14', 'YYYY-MM-DD'), TO_TIMESTAMP('2023-10-14 20:20:00', 'YYYY-MM-DD HH24:MI:SS'), TO_TIMESTAMP('2023-10-14 20:23:00', 'YYYY-MM-DD HH24:MI:SS'), TO_TIMESTAMP('2023-10-15 05:20:00', 'YYYY-MM-DD HH24:MI:SS'), TO_TIMESTAMP('2023-10-15 05:17:00', 'YYYY-MM-DD HH24:MI:SS'));
INSERT INTO FLIGHTS (FLIGHT_ID, AIR_ID, DEPART_AIRP_ID, ARRIVAL_AIRP_ID, FLIGHT_DATE, FLIGHT_SCH_DEPART, FLIGHT_ACT_DEPART, FLIGHT_SCH_ARRIVAL, FLIGHT_ACT_ARRIVAL) VALUES (3006, 1048, 2061, 2019, TO_DATE('2023-05-02', 'YYYY-MM-DD'), TO_TIMESTAMP('2023-05-02 00:47:00', 'YYYY-MM-DD HH24:MI:SS'), TO_TIMESTAMP('2023-05-02 00:43:00', 'YYYY-MM-DD HH24:MI:SS'), TO_TIMESTAMP('2023-05-02 03:47:00', 'YYYY-MM-DD HH24:MI:SS'), TO_TIMESTAMP('2023-05-02 03:38:00', 'YYYY-MM-DD HH24:MI:SS'));
INSERT INTO FLIGHTS (FLIGHT_ID, AIR_ID, DEPART_AIRP_ID, ARRIVAL_AIRP_ID, FLIGHT_DATE, FLIGHT_SCH_DEPART, FLIGHT_ACT_DEPART, FLIGHT_SCH_ARRIVAL, FLIGHT_ACT_ARRIVAL) VALUES (3007, 1015, 2087, 2012, TO_DATE('2023-09-11', 'YYYY-MM-DD'), TO_TIMESTAMP('2023-09-11 20:34:00', 'YYYY-MM-DD HH24:MI:SS'), TO_TIMESTAMP('2023-09-11 20:27:00', 'YYYY-MM-DD HH24:MI:SS'), TO_TIMESTAMP('2023-09-12 08:34:00', 'YYYY-MM-DD HH24:MI:SS'), TO_TIMESTAMP('2023-09-12 08:24:00', 'YYYY-MM-DD HH24:MI:SS'));
INSERT INTO FLIGHTS (FLIGHT_ID, AIR_ID, DEPART_AIRP_ID, ARRIVAL_AIRP_ID, FLIGHT_DATE, FLIGHT_SCH_DEPART, FLIGHT_ACT_DEPART, FLIGHT_SCH_ARRIVAL, FLIGHT_ACT_ARRIVAL) VALUES (3008, 1015, 2012, 2087, TO_DATE('2023-02-18', 'YYYY-MM-DD'), TO_TIMESTAMP('2023-02-18 22:27:00', 'YYYY-MM-DD HH24:MI:SS'), TO_TIMESTAMP('2023-02-18 22:14:00', 'YYYY-MM-DD HH24:MI:SS'), TO_TIMESTAMP('2023-02-19 10:27:00', 'YYYY-MM-DD HH24:MI:SS'), TO_TIMESTAMP('2023-02-19 10:23:00', 'YYYY-MM-DD HH24:MI:SS'));
INSERT INTO FLIGHTS (FLIGHT_ID, AIR_ID, DEPART_AIRP_ID, ARRIVAL_AIRP_ID, FLIGHT_DATE, FLIGHT_SCH_DEPART, FLIGHT_ACT_DEPART, FLIGHT_SCH_ARRIVAL, FLIGHT_ACT_ARRIVAL) VALUES (3009, 1047, 2007, 2068, TO_DATE('2023-05-27', 'YYYY-MM-DD'), TO_TIMESTAMP('2023-05-27 16:10:00', 'YYYY-MM-DD HH24:MI:SS'), TO_TIMESTAMP('2023-05-27 15:55:00', 'YYYY-MM-DD HH24:MI:SS'), TO_TIMESTAMP('2023-05-27 17:10:00', 'YYYY-MM-DD HH24:MI:SS'), TO_TIMESTAMP('2023-05-27 17:13:00', 'YYYY-MM-DD HH24:MI:SS'));
INSERT INTO FLIGHTS (FLIGHT_ID, AIR_ID, DEPART_AIRP_ID, ARRIVAL_AIRP_ID, FLIGHT_DATE, FLIGHT_SCH_DEPART, FLIGHT_ACT_DEPART, FLIGHT_SCH_ARRIVAL, FLIGHT_ACT_ARRIVAL) VALUES (3010, 1047, 2007, 2068, TO_DATE('2023-07-24', 'YYYY-MM-DD'), TO_TIMESTAMP('2023-07-24 13:57:00', 'YYYY-MM-DD HH24:MI:SS'), TO_TIMESTAMP('2023-07-24 14:02:00', 'YYYY-MM-DD HH24:MI:SS'), TO_TIMESTAMP('2023-07-24 19:57:00', 'YYYY-MM-DD HH24:MI:SS'), TO_TIMESTAMP('2023-07-24 19:52:00', 'YYYY-MM-DD HH24:MI:SS'));
INSERT INTO FLIGHTS (FLIGHT_ID, AIR_ID, DEPART_AIRP_ID, ARRIVAL_AIRP_ID, FLIGHT_DATE, FLIGHT_SCH_DEPART, FLIGHT_ACT_DEPART, FLIGHT_SCH_ARRIVAL, FLIGHT_ACT_ARRIVAL) VALUES (3011, 1065, 2030, 2098, TO_DATE('2023-06-01', 'YYYY-MM-DD'), TO_TIMESTAMP('2023-06-01 04:05:00', 'YYYY-MM-DD HH24:MI:SS'), TO_TIMESTAMP('2023-06-01 03:56:00', 'YYYY-MM-DD HH24:MI:SS'), TO_TIMESTAMP('2023-06-01 06:05:00', 'YYYY-MM-DD HH24:MI:SS'), TO_TIMESTAMP('2023-06-01 06:17:00', 'YYYY-MM-DD HH24:MI:SS'));
INSERT INTO FLIGHTS (FLIGHT_ID, AIR_ID, DEPART_AIRP_ID, ARRIVAL_AIRP_ID, FLIGHT_DATE, FLIGHT_SCH_DEPART, FLIGHT_ACT_DEPART, FLIGHT_SCH_ARRIVAL, FLIGHT_ACT_ARRIVAL) VALUES (3012, 1065, 2062, 2098, TO_DATE('2023-08-05', 'YYYY-MM-DD'), TO_TIMESTAMP('2023-08-05 04:33:00', 'YYYY-MM-DD HH24:MI:SS'), TO_TIMESTAMP('2023-08-05 04:26:00', 'YYYY-MM-DD HH24:MI:SS'), TO_TIMESTAMP('2023-08-05 10:33:00', 'YYYY-MM-DD HH24:MI:SS'), TO_TIMESTAMP('2023-08-05 10:29:00', 'YYYY-MM-DD HH24:MI:SS'));
INSERT INTO FLIGHTS (FLIGHT_ID, AIR_ID, DEPART_AIRP_ID, ARRIVAL_AIRP_ID, FLIGHT_DATE, FLIGHT_SCH_DEPART, FLIGHT_ACT_DEPART, FLIGHT_SCH_ARRIVAL, FLIGHT_ACT_ARRIVAL) VALUES (3013, 1026, 2023, 2031, TO_DATE('2023-09-17', 'YYYY-MM-DD'), TO_TIMESTAMP('2023-09-17 09:56:00', 'YYYY-MM-DD HH24:MI:SS'), TO_TIMESTAMP('2023-09-17 09:51:00', 'YYYY-MM-DD HH24:MI:SS'), TO_TIMESTAMP('2023-09-17 17:56:00', 'YYYY-MM-DD HH24:MI:SS'), TO_TIMESTAMP('2023-09-17 17:56:00', 'YYYY-MM-DD HH24:MI:SS'));
INSERT INTO FLIGHTS (FLIGHT_ID, AIR_ID, DEPART_AIRP_ID, ARRIVAL_AIRP_ID, FLIGHT_DATE, FLIGHT_SCH_DEPART, FLIGHT_ACT_DEPART, FLIGHT_SCH_ARRIVAL, FLIGHT_ACT_ARRIVAL) VALUES (3014, 1026, 2031, 2023, TO_DATE('2023-11-16', 'YYYY-MM-DD'), TO_TIMESTAMP('2023-11-16 04:26:00', 'YYYY-MM-DD HH24:MI:SS'), TO_TIMESTAMP('2023-11-16 04:18:00', 'YYYY-MM-DD HH24:MI:SS'), TO_TIMESTAMP('2023-11-16 09:26:00', 'YYYY-MM-DD HH24:MI:SS'), TO_TIMESTAMP('2023-11-16 09:28:00', 'YYYY-MM-DD HH24:MI:SS'));
INSERT INTO FLIGHTS (FLIGHT_ID, AIR_ID, DEPART_AIRP_ID, ARRIVAL_AIRP_ID, FLIGHT_DATE, FLIGHT_SCH_DEPART, FLIGHT_ACT_DEPART, FLIGHT_SCH_ARRIVAL, FLIGHT_ACT_ARRIVAL) VALUES (3015, 1024, 2026, 2023, TO_DATE('2023-04-20', 'YYYY-MM-DD'), TO_TIMESTAMP('2023-04-20 01:57:00', 'YYYY-MM-DD HH24:MI:SS'), TO_TIMESTAMP('2023-04-20 02:04:00', 'YYYY-MM-DD HH24:MI:SS'), TO_TIMESTAMP('2023-04-20 11:57:00', 'YYYY-MM-DD HH24:MI:SS'), TO_TIMESTAMP('2023-04-20 12:05:00', 'YYYY-MM-DD HH24:MI:SS'));
INSERT INTO FLIGHTS (FLIGHT_ID, AIR_ID, DEPART_AIRP_ID, ARRIVAL_AIRP_ID, FLIGHT_DATE, FLIGHT_SCH_DEPART, FLIGHT_ACT_DEPART, FLIGHT_SCH_ARRIVAL, FLIGHT_ACT_ARRIVAL) VALUES (3016, 1024, 2026, 2081, TO_DATE('2023-08-14', 'YYYY-MM-DD'), TO_TIMESTAMP('2023-08-14 08:15:00', 'YYYY-MM-DD HH24:MI:SS'), TO_TIMESTAMP('2023-08-14 08:10:00', 'YYYY-MM-DD HH24:MI:SS'), TO_TIMESTAMP('2023-08-14 18:15:00', 'YYYY-MM-DD HH24:MI:SS'), TO_TIMESTAMP('2023-08-14 18:05:00', 'YYYY-MM-DD HH24:MI:SS'));
INSERT INTO FLIGHTS (FLIGHT_ID, AIR_ID, DEPART_AIRP_ID, ARRIVAL_AIRP_ID, FLIGHT_DATE, FLIGHT_SCH_DEPART, FLIGHT_ACT_DEPART, FLIGHT_SCH_ARRIVAL, FLIGHT_ACT_ARRIVAL) VALUES (3017, 1043, 2060, 2044, TO_DATE('2023-07-07', 'YYYY-MM-DD'), TO_TIMESTAMP('2023-07-07 04:44:00', 'YYYY-MM-DD HH24:MI:SS'), TO_TIMESTAMP('2023-07-07 04:37:00', 'YYYY-MM-DD HH24:MI:SS'), TO_TIMESTAMP('2023-07-07 14:44:00', 'YYYY-MM-DD HH24:MI:SS'), TO_TIMESTAMP('2023-07-07 14:36:00', 'YYYY-MM-DD HH24:MI:SS'));
INSERT INTO FLIGHTS (FLIGHT_ID, AIR_ID, DEPART_AIRP_ID, ARRIVAL_AIRP_ID, FLIGHT_DATE, FLIGHT_SCH_DEPART, FLIGHT_ACT_DEPART, FLIGHT_SCH_ARRIVAL, FLIGHT_ACT_ARRIVAL) VALUES (3018, 1043, 2044, 2060, TO_DATE('2023-11-07', 'YYYY-MM-DD'), TO_TIMESTAMP('2023-11-07 11:14:00', 'YYYY-MM-DD HH24:MI:SS'), TO_TIMESTAMP('2023-11-07 11:25:00', 'YYYY-MM-DD HH24:MI:SS'), TO_TIMESTAMP('2023-11-07 18:14:00', 'YYYY-MM-DD HH24:MI:SS'), TO_TIMESTAMP('2023-11-07 18:01:00', 'YYYY-MM-DD HH24:MI:SS'));
INSERT INTO FLIGHTS (FLIGHT_ID, AIR_ID, DEPART_AIRP_ID, ARRIVAL_AIRP_ID, FLIGHT_DATE, FLIGHT_SCH_DEPART, FLIGHT_ACT_DEPART, FLIGHT_SCH_ARRIVAL, FLIGHT_ACT_ARRIVAL) VALUES (3019, 1094, 2092, 2069, TO_DATE('2023-11-27', 'YYYY-MM-DD'), TO_TIMESTAMP('2023-11-27 16:55:00', 'YYYY-MM-DD HH24:MI:SS'), TO_TIMESTAMP('2023-11-27 16:45:00', 'YYYY-MM-DD HH24:MI:SS'), TO_TIMESTAMP('2023-11-27 21:55:00', 'YYYY-MM-DD HH24:MI:SS'), TO_TIMESTAMP('2023-11-27 22:07:00', 'YYYY-MM-DD HH24:MI:SS'));
INSERT INTO FLIGHTS (FLIGHT_ID, AIR_ID, DEPART_AIRP_ID, ARRIVAL_AIRP_ID, FLIGHT_DATE, FLIGHT_SCH_DEPART, FLIGHT_ACT_DEPART, FLIGHT_SCH_ARRIVAL, FLIGHT_ACT_ARRIVAL) VALUES (3020, 1094, 2069, 2092, TO_DATE('2023-06-14', 'YYYY-MM-DD'), TO_TIMESTAMP('2023-06-14 22:02:00', 'YYYY-MM-DD HH24:MI:SS'), TO_TIMESTAMP('2023-06-14 22:10:00', 'YYYY-MM-DD HH24:MI:SS'), TO_TIMESTAMP('2023-06-15 00:02:00', 'YYYY-MM-DD HH24:MI:SS'), TO_TIMESTAMP('2023-06-15 00:10:00', 'YYYY-MM-DD HH24:MI:SS'));
INSERT INTO FLIGHTS (FLIGHT_ID, AIR_ID, DEPART_AIRP_ID, ARRIVAL_AIRP_ID, FLIGHT_DATE, FLIGHT_SCH_DEPART, FLIGHT_ACT_DEPART, FLIGHT_SCH_ARRIVAL, FLIGHT_ACT_ARRIVAL) VALUES (3021, 1038, 2021, 2099, TO_DATE('2023-01-11', 'YYYY-MM-DD'), TO_TIMESTAMP('2023-01-11 01:16:00', 'YYYY-MM-DD HH24:MI:SS'), TO_TIMESTAMP('2023-01-11 01:30:00', 'YYYY-MM-DD HH24:MI:SS'), TO_TIMESTAMP('2023-01-11 02:16:00', 'YYYY-MM-DD HH24:MI:SS'), TO_TIMESTAMP('2023-01-11 02:22:00', 'YYYY-MM-DD HH24:MI:SS'));
INSERT INTO FLIGHTS (FLIGHT_ID, AIR_ID, DEPART_AIRP_ID, ARRIVAL_AIRP_ID, FLIGHT_DATE, FLIGHT_SCH_DEPART, FLIGHT_ACT_DEPART, FLIGHT_SCH_ARRIVAL, FLIGHT_ACT_ARRIVAL) VALUES (3022, 1038, 2099, 2021, TO_DATE('2023-12-15', 'YYYY-MM-DD'), TO_TIMESTAMP('2023-12-15 03:43:00', 'YYYY-MM-DD HH24:MI:SS'), TO_TIMESTAMP('2023-12-15 03:28:00', 'YYYY-MM-DD HH24:MI:SS'), TO_TIMESTAMP('2023-12-15 15:43:00', 'YYYY-MM-DD HH24:MI:SS'), TO_TIMESTAMP('2023-12-15 15:36:00', 'YYYY-MM-DD HH24:MI:SS'));
INSERT INTO FLIGHTS (FLIGHT_ID, AIR_ID, DEPART_AIRP_ID, ARRIVAL_AIRP_ID, FLIGHT_DATE, FLIGHT_SCH_DEPART, FLIGHT_ACT_DEPART, FLIGHT_SCH_ARRIVAL, FLIGHT_ACT_ARRIVAL) VALUES (3023, 1021, 2068, 2073, TO_DATE('2023-05-29', 'YYYY-MM-DD'), TO_TIMESTAMP('2023-05-29 21:31:00', 'YYYY-MM-DD HH24:MI:SS'), TO_TIMESTAMP('2023-05-29 21:28:00', 'YYYY-MM-DD HH24:MI:SS'), TO_TIMESTAMP('2023-05-29 23:31:00', 'YYYY-MM-DD HH24:MI:SS'), TO_TIMESTAMP('2023-05-29 23:36:00', 'YYYY-MM-DD HH24:MI:SS'));
INSERT INTO FLIGHTS (FLIGHT_ID, AIR_ID, DEPART_AIRP_ID, ARRIVAL_AIRP_ID, FLIGHT_DATE, FLIGHT_SCH_DEPART, FLIGHT_ACT_DEPART, FLIGHT_SCH_ARRIVAL, FLIGHT_ACT_ARRIVAL) VALUES (3024, 1021, 2068, 2056, TO_DATE('2023-03-21', 'YYYY-MM-DD'), TO_TIMESTAMP('2023-03-21 03:44:00', 'YYYY-MM-DD HH24:MI:SS'), TO_TIMESTAMP('2023-03-21 03:32:00', 'YYYY-MM-DD HH24:MI:SS'), TO_TIMESTAMP('2023-03-21 09:44:00', 'YYYY-MM-DD HH24:MI:SS'), TO_TIMESTAMP('2023-03-21 09:54:00', 'YYYY-MM-DD HH24:MI:SS'));
INSERT INTO FLIGHTS (FLIGHT_ID, AIR_ID, DEPART_AIRP_ID, ARRIVAL_AIRP_ID, FLIGHT_DATE, FLIGHT_SCH_DEPART, FLIGHT_ACT_DEPART, FLIGHT_SCH_ARRIVAL, FLIGHT_ACT_ARRIVAL) VALUES (3025, 1036, 2087, 2022, TO_DATE('2023-09-26', 'YYYY-MM-DD'), TO_TIMESTAMP('2023-09-26 09:10:00', 'YYYY-MM-DD HH24:MI:SS'), TO_TIMESTAMP('2023-09-26 08:59:00', 'YYYY-MM-DD HH24:MI:SS'), TO_TIMESTAMP('2023-09-26 21:10:00', 'YYYY-MM-DD HH24:MI:SS'), TO_TIMESTAMP('2023-09-26 21:22:00', 'YYYY-MM-DD HH24:MI:SS'));
INSERT INTO FLIGHTS (FLIGHT_ID, AIR_ID, DEPART_AIRP_ID, ARRIVAL_AIRP_ID, FLIGHT_DATE, FLIGHT_SCH_DEPART, FLIGHT_ACT_DEPART, FLIGHT_SCH_ARRIVAL, FLIGHT_ACT_ARRIVAL) VALUES (3026, 1036, 2087, 2072, TO_DATE('2023-01-20', 'YYYY-MM-DD'), TO_TIMESTAMP('2023-01-20 19:25:00', 'YYYY-MM-DD HH24:MI:SS'), TO_TIMESTAMP('2023-01-20 19:37:00', 'YYYY-MM-DD HH24:MI:SS'), TO_TIMESTAMP('2023-01-21 02:25:00', 'YYYY-MM-DD HH24:MI:SS'), TO_TIMESTAMP('2023-01-21 02:22:00', 'YYYY-MM-DD HH24:MI:SS'));
INSERT INTO FLIGHTS (FLIGHT_ID, AIR_ID, DEPART_AIRP_ID, ARRIVAL_AIRP_ID, FLIGHT_DATE, FLIGHT_SCH_DEPART, FLIGHT_ACT_DEPART, FLIGHT_SCH_ARRIVAL, FLIGHT_ACT_ARRIVAL) VALUES (3027, 1014, 2009, 2029, TO_DATE('2023-06-06', 'YYYY-MM-DD'), TO_TIMESTAMP('2023-06-06 16:58:00', 'YYYY-MM-DD HH24:MI:SS'), TO_TIMESTAMP('2023-06-06 16:50:00', 'YYYY-MM-DD HH24:MI:SS'), TO_TIMESTAMP('2023-06-07 04:58:00', 'YYYY-MM-DD HH24:MI:SS'), TO_TIMESTAMP('2023-06-07 05:04:00', 'YYYY-MM-DD HH24:MI:SS'));
INSERT INTO FLIGHTS (FLIGHT_ID, AIR_ID, DEPART_AIRP_ID, ARRIVAL_AIRP_ID, FLIGHT_DATE, FLIGHT_SCH_DEPART, FLIGHT_ACT_DEPART, FLIGHT_SCH_ARRIVAL, FLIGHT_ACT_ARRIVAL) VALUES (3028, 1014, 2009, 2029, TO_DATE('2023-03-23', 'YYYY-MM-DD'), TO_TIMESTAMP('2023-03-23 09:59:00', 'YYYY-MM-DD HH24:MI:SS'), TO_TIMESTAMP('2023-03-23 09:52:00', 'YYYY-MM-DD HH24:MI:SS'), TO_TIMESTAMP('2023-03-23 13:59:00', 'YYYY-MM-DD HH24:MI:SS'), TO_TIMESTAMP('2023-03-23 13:58:00', 'YYYY-MM-DD HH24:MI:SS'));
INSERT INTO FLIGHTS (FLIGHT_ID, AIR_ID, DEPART_AIRP_ID, ARRIVAL_AIRP_ID, FLIGHT_DATE, FLIGHT_SCH_DEPART, FLIGHT_ACT_DEPART, FLIGHT_SCH_ARRIVAL, FLIGHT_ACT_ARRIVAL) VALUES (3029, 1099, 2060, 2045, TO_DATE('2023-08-25', 'YYYY-MM-DD'), TO_TIMESTAMP('2023-08-25 23:48:00', 'YYYY-MM-DD HH24:MI:SS'), TO_TIMESTAMP('2023-08-25 23:46:00', 'YYYY-MM-DD HH24:MI:SS'), TO_TIMESTAMP('2023-08-26 03:48:00', 'YYYY-MM-DD HH24:MI:SS'), TO_TIMESTAMP('2023-08-26 03:45:00', 'YYYY-MM-DD HH24:MI:SS'));
INSERT INTO FLIGHTS (FLIGHT_ID, AIR_ID, DEPART_AIRP_ID, ARRIVAL_AIRP_ID, FLIGHT_DATE, FLIGHT_SCH_DEPART, FLIGHT_ACT_DEPART, FLIGHT_SCH_ARRIVAL, FLIGHT_ACT_ARRIVAL) VALUES (3030, 1099, 2060, 2045, TO_DATE('2023-02-09', 'YYYY-MM-DD'), TO_TIMESTAMP('2023-02-09 06:43:00', 'YYYY-MM-DD HH24:MI:SS'), TO_TIMESTAMP('2023-02-09 06:44:00', 'YYYY-MM-DD HH24:MI:SS'), TO_TIMESTAMP('2023-02-09 08:43:00', 'YYYY-MM-DD HH24:MI:SS'), TO_TIMESTAMP('2023-02-09 08:36:00', 'YYYY-MM-DD HH24:MI:SS'));
INSERT INTO FLIGHTS (FLIGHT_ID, AIR_ID, DEPART_AIRP_ID, ARRIVAL_AIRP_ID, FLIGHT_DATE, FLIGHT_SCH_DEPART, FLIGHT_ACT_DEPART, FLIGHT_SCH_ARRIVAL, FLIGHT_ACT_ARRIVAL) VALUES (3031, 1089, 2048, 2036, TO_DATE('2023-10-03', 'YYYY-MM-DD'), TO_TIMESTAMP('2023-10-03 21:47:00', 'YYYY-MM-DD HH24:MI:SS'), TO_TIMESTAMP('2023-10-03 22:02:00', 'YYYY-MM-DD HH24:MI:SS'), TO_TIMESTAMP('2023-10-03 22:47:00', 'YYYY-MM-DD HH24:MI:SS'), TO_TIMESTAMP('2023-10-03 22:35:00', 'YYYY-MM-DD HH24:MI:SS'));
INSERT INTO FLIGHTS (FLIGHT_ID, AIR_ID, DEPART_AIRP_ID, ARRIVAL_AIRP_ID, FLIGHT_DATE, FLIGHT_SCH_DEPART, FLIGHT_ACT_DEPART, FLIGHT_SCH_ARRIVAL, FLIGHT_ACT_ARRIVAL) VALUES (3032, 1089, 2048, 2036, TO_DATE('2023-09-30', 'YYYY-MM-DD'), TO_TIMESTAMP('2023-09-30 09:15:00', 'YYYY-MM-DD HH24:MI:SS'), TO_TIMESTAMP('2023-09-30 09:07:00', 'YYYY-MM-DD HH24:MI:SS'), TO_TIMESTAMP('2023-09-30 19:15:00', 'YYYY-MM-DD HH24:MI:SS'), TO_TIMESTAMP('2023-09-30 19:18:00', 'YYYY-MM-DD HH24:MI:SS'));
INSERT INTO FLIGHTS (FLIGHT_ID, AIR_ID, DEPART_AIRP_ID, ARRIVAL_AIRP_ID, FLIGHT_DATE, FLIGHT_SCH_DEPART, FLIGHT_ACT_DEPART, FLIGHT_SCH_ARRIVAL, FLIGHT_ACT_ARRIVAL) VALUES (3033, 1077, 2005, 2089, TO_DATE('2023-08-25', 'YYYY-MM-DD'), TO_TIMESTAMP('2023-08-25 05:58:00', 'YYYY-MM-DD HH24:MI:SS'), TO_TIMESTAMP('2023-08-25 05:49:00', 'YYYY-MM-DD HH24:MI:SS'), TO_TIMESTAMP('2023-08-25 15:58:00', 'YYYY-MM-DD HH24:MI:SS'), TO_TIMESTAMP('2023-08-25 15:49:00', 'YYYY-MM-DD HH24:MI:SS'));
INSERT INTO FLIGHTS (FLIGHT_ID, AIR_ID, DEPART_AIRP_ID, ARRIVAL_AIRP_ID, FLIGHT_DATE, FLIGHT_SCH_DEPART, FLIGHT_ACT_DEPART, FLIGHT_SCH_ARRIVAL, FLIGHT_ACT_ARRIVAL) VALUES (3034, 1077, 2005, 2089, TO_DATE('2023-12-23', 'YYYY-MM-DD'), TO_TIMESTAMP('2023-12-23 13:44:00', 'YYYY-MM-DD HH24:MI:SS'), TO_TIMESTAMP('2023-12-23 13:47:00', 'YYYY-MM-DD HH24:MI:SS'), TO_TIMESTAMP('2023-12-23 23:44:00', 'YYYY-MM-DD HH24:MI:SS'), TO_TIMESTAMP('2023-12-23 23:30:00', 'YYYY-MM-DD HH24:MI:SS'));
INSERT INTO FLIGHTS (FLIGHT_ID, AIR_ID, DEPART_AIRP_ID, ARRIVAL_AIRP_ID, FLIGHT_DATE, FLIGHT_SCH_DEPART, FLIGHT_ACT_DEPART, FLIGHT_SCH_ARRIVAL, FLIGHT_ACT_ARRIVAL) VALUES (3035, 1082, 2006, 2092, TO_DATE('2023-04-01', 'YYYY-MM-DD'), TO_TIMESTAMP('2023-04-01 01:52:00', 'YYYY-MM-DD HH24:MI:SS'), TO_TIMESTAMP('2023-04-01 01:48:00', 'YYYY-MM-DD HH24:MI:SS'), TO_TIMESTAMP('2023-04-01 02:52:00', 'YYYY-MM-DD HH24:MI:SS'), TO_TIMESTAMP('2023-04-01 02:38:00', 'YYYY-MM-DD HH24:MI:SS'));
INSERT INTO FLIGHTS (FLIGHT_ID, AIR_ID, DEPART_AIRP_ID, ARRIVAL_AIRP_ID, FLIGHT_DATE, FLIGHT_SCH_DEPART, FLIGHT_ACT_DEPART, FLIGHT_SCH_ARRIVAL, FLIGHT_ACT_ARRIVAL) VALUES (3036, 1082, 2092, 2006, TO_DATE('2023-04-21', 'YYYY-MM-DD'), TO_TIMESTAMP('2023-04-21 14:10:00', 'YYYY-MM-DD HH24:MI:SS'), TO_TIMESTAMP('2023-04-21 14:03:00', 'YYYY-MM-DD HH24:MI:SS'), TO_TIMESTAMP('2023-04-22 01:10:00', 'YYYY-MM-DD HH24:MI:SS'), TO_TIMESTAMP('2023-04-22 01:04:00', 'YYYY-MM-DD HH24:MI:SS'));
INSERT INTO FLIGHTS (FLIGHT_ID, AIR_ID, DEPART_AIRP_ID, ARRIVAL_AIRP_ID, FLIGHT_DATE, FLIGHT_SCH_DEPART, FLIGHT_ACT_DEPART, FLIGHT_SCH_ARRIVAL, FLIGHT_ACT_ARRIVAL) VALUES (3037, 1073, 2076, 2071, TO_DATE('2023-03-14', 'YYYY-MM-DD'), TO_TIMESTAMP('2023-03-14 03:31:00', 'YYYY-MM-DD HH24:MI:SS'), TO_TIMESTAMP('2023-03-14 03:45:00', 'YYYY-MM-DD HH24:MI:SS'), TO_TIMESTAMP('2023-03-14 07:31:00', 'YYYY-MM-DD HH24:MI:SS'), TO_TIMESTAMP('2023-03-14 07:35:00', 'YYYY-MM-DD HH24:MI:SS'));
INSERT INTO FLIGHTS (FLIGHT_ID, AIR_ID, DEPART_AIRP_ID, ARRIVAL_AIRP_ID, FLIGHT_DATE, FLIGHT_SCH_DEPART, FLIGHT_ACT_DEPART, FLIGHT_SCH_ARRIVAL, FLIGHT_ACT_ARRIVAL) VALUES (3038, 1073, 2076, 2071, TO_DATE('2023-02-14', 'YYYY-MM-DD'), TO_TIMESTAMP('2023-02-14 11:11:00', 'YYYY-MM-DD HH24:MI:SS'), TO_TIMESTAMP('2023-02-14 11:25:00', 'YYYY-MM-DD HH24:MI:SS'), TO_TIMESTAMP('2023-02-14 16:11:00', 'YYYY-MM-DD HH24:MI:SS'), TO_TIMESTAMP('2023-02-14 15:56:00', 'YYYY-MM-DD HH24:MI:SS'));
INSERT INTO FLIGHTS (FLIGHT_ID, AIR_ID, DEPART_AIRP_ID, ARRIVAL_AIRP_ID, FLIGHT_DATE, FLIGHT_SCH_DEPART, FLIGHT_ACT_DEPART, FLIGHT_SCH_ARRIVAL, FLIGHT_ACT_ARRIVAL) VALUES (3039, 1035, 2071, 2036, TO_DATE('2023-01-25', 'YYYY-MM-DD'), TO_TIMESTAMP('2023-01-25 11:53:00', 'YYYY-MM-DD HH24:MI:SS'), TO_TIMESTAMP('2023-01-25 11:57:00', 'YYYY-MM-DD HH24:MI:SS'), TO_TIMESTAMP('2023-01-25 23:53:00', 'YYYY-MM-DD HH24:MI:SS'), TO_TIMESTAMP('2023-01-26 00:08:00', 'YYYY-MM-DD HH24:MI:SS'));
INSERT INTO FLIGHTS (FLIGHT_ID, AIR_ID, DEPART_AIRP_ID, ARRIVAL_AIRP_ID, FLIGHT_DATE, FLIGHT_SCH_DEPART, FLIGHT_ACT_DEPART, FLIGHT_SCH_ARRIVAL, FLIGHT_ACT_ARRIVAL) VALUES (3040, 1035, 2071, 2036, TO_DATE('2023-09-28', 'YYYY-MM-DD'), TO_TIMESTAMP('2023-09-28 15:28:00', 'YYYY-MM-DD HH24:MI:SS'), TO_TIMESTAMP('2023-09-28 15:33:00', 'YYYY-MM-DD HH24:MI:SS'), TO_TIMESTAMP('2023-09-29 03:28:00', 'YYYY-MM-DD HH24:MI:SS'), TO_TIMESTAMP('2023-09-29 03:27:00', 'YYYY-MM-DD HH24:MI:SS'));
INSERT INTO FLIGHTS (FLIGHT_ID, AIR_ID, DEPART_AIRP_ID, ARRIVAL_AIRP_ID, FLIGHT_DATE, FLIGHT_SCH_DEPART, FLIGHT_ACT_DEPART, FLIGHT_SCH_ARRIVAL, FLIGHT_ACT_ARRIVAL) VALUES (3041, 1055, 2077, 2020, TO_DATE('2023-05-01', 'YYYY-MM-DD'), TO_TIMESTAMP('2023-05-01 15:08:00', 'YYYY-MM-DD HH24:MI:SS'), TO_TIMESTAMP('2023-05-01 14:58:00', 'YYYY-MM-DD HH24:MI:SS'), TO_TIMESTAMP('2023-05-01 16:08:00', 'YYYY-MM-DD HH24:MI:SS'), TO_TIMESTAMP('2023-05-01 16:02:00', 'YYYY-MM-DD HH24:MI:SS'));
INSERT INTO FLIGHTS (FLIGHT_ID, AIR_ID, DEPART_AIRP_ID, ARRIVAL_AIRP_ID, FLIGHT_DATE, FLIGHT_SCH_DEPART, FLIGHT_ACT_DEPART, FLIGHT_SCH_ARRIVAL, FLIGHT_ACT_ARRIVAL) VALUES (3042, 1055, 2020, 2013, TO_DATE('2023-10-25', 'YYYY-MM-DD'), TO_TIMESTAMP('2023-10-25 07:15:00', 'YYYY-MM-DD HH24:MI:SS'), TO_TIMESTAMP('2023-10-25 07:06:00', 'YYYY-MM-DD HH24:MI:SS'), TO_TIMESTAMP('2023-10-25 17:15:00', 'YYYY-MM-DD HH24:MI:SS'), TO_TIMESTAMP('2023-10-25 17:16:00', 'YYYY-MM-DD HH24:MI:SS'));
INSERT INTO FLIGHTS (FLIGHT_ID, AIR_ID, DEPART_AIRP_ID, ARRIVAL_AIRP_ID, FLIGHT_DATE, FLIGHT_SCH_DEPART, FLIGHT_ACT_DEPART, FLIGHT_SCH_ARRIVAL, FLIGHT_ACT_ARRIVAL) VALUES (3043, 1010, 2010, 2087, TO_DATE('2023-06-10', 'YYYY-MM-DD'), TO_TIMESTAMP('2023-06-10 02:59:00', 'YYYY-MM-DD HH24:MI:SS'), TO_TIMESTAMP('2023-06-10 02:47:00', 'YYYY-MM-DD HH24:MI:SS'), TO_TIMESTAMP('2023-06-10 04:59:00', 'YYYY-MM-DD HH24:MI:SS'), TO_TIMESTAMP('2023-06-10 04:52:00', 'YYYY-MM-DD HH24:MI:SS'));
INSERT INTO FLIGHTS (FLIGHT_ID, AIR_ID, DEPART_AIRP_ID, ARRIVAL_AIRP_ID, FLIGHT_DATE, FLIGHT_SCH_DEPART, FLIGHT_ACT_DEPART, FLIGHT_SCH_ARRIVAL, FLIGHT_ACT_ARRIVAL) VALUES (3044, 1010, 2010, 2087, TO_DATE('2023-04-28', 'YYYY-MM-DD'), TO_TIMESTAMP('2023-04-28 15:47:00', 'YYYY-MM-DD HH24:MI:SS'), TO_TIMESTAMP('2023-04-28 15:39:00', 'YYYY-MM-DD HH24:MI:SS'), TO_TIMESTAMP('2023-04-28 19:47:00', 'YYYY-MM-DD HH24:MI:SS'), TO_TIMESTAMP('2023-04-28 19:53:00', 'YYYY-MM-DD HH24:MI:SS'));
INSERT INTO FLIGHTS (FLIGHT_ID, AIR_ID, DEPART_AIRP_ID, ARRIVAL_AIRP_ID, FLIGHT_DATE, FLIGHT_SCH_DEPART, FLIGHT_ACT_DEPART, FLIGHT_SCH_ARRIVAL, FLIGHT_ACT_ARRIVAL) VALUES (3045, 1042, 2091, 2006, TO_DATE('2023-05-04', 'YYYY-MM-DD'), TO_TIMESTAMP('2023-05-04 04:26:00', 'YYYY-MM-DD HH24:MI:SS'), TO_TIMESTAMP('2023-05-04 04:17:00', 'YYYY-MM-DD HH24:MI:SS'), TO_TIMESTAMP('2023-05-04 06:26:00', 'YYYY-MM-DD HH24:MI:SS'), TO_TIMESTAMP('2023-05-04 06:25:00', 'YYYY-MM-DD HH24:MI:SS'));
INSERT INTO FLIGHTS (FLIGHT_ID, AIR_ID, DEPART_AIRP_ID, ARRIVAL_AIRP_ID, FLIGHT_DATE, FLIGHT_SCH_DEPART, FLIGHT_ACT_DEPART, FLIGHT_SCH_ARRIVAL, FLIGHT_ACT_ARRIVAL) VALUES (3046, 1042, 2091, 2006, TO_DATE('2023-09-09', 'YYYY-MM-DD'), TO_TIMESTAMP('2023-09-09 12:18:00', 'YYYY-MM-DD HH24:MI:SS'), TO_TIMESTAMP('2023-09-09 12:08:00', 'YYYY-MM-DD HH24:MI:SS'), TO_TIMESTAMP('2023-09-10 00:18:00', 'YYYY-MM-DD HH24:MI:SS'), TO_TIMESTAMP('2023-09-10 00:29:00', 'YYYY-MM-DD HH24:MI:SS'));
INSERT INTO FLIGHTS (FLIGHT_ID, AIR_ID, DEPART_AIRP_ID, ARRIVAL_AIRP_ID, FLIGHT_DATE, FLIGHT_SCH_DEPART, FLIGHT_ACT_DEPART, FLIGHT_SCH_ARRIVAL, FLIGHT_ACT_ARRIVAL) VALUES (3047, 1052, 2058, 2095, TO_DATE('2023-06-18', 'YYYY-MM-DD'), TO_TIMESTAMP('2023-06-18 14:27:00', 'YYYY-MM-DD HH24:MI:SS'), TO_TIMESTAMP('2023-06-18 14:34:00', 'YYYY-MM-DD HH24:MI:SS'), TO_TIMESTAMP('2023-06-18 19:27:00', 'YYYY-MM-DD HH24:MI:SS'), TO_TIMESTAMP('2023-06-18 19:41:00', 'YYYY-MM-DD HH24:MI:SS'));
INSERT INTO FLIGHTS (FLIGHT_ID, AIR_ID, DEPART_AIRP_ID, ARRIVAL_AIRP_ID, FLIGHT_DATE, FLIGHT_SCH_DEPART, FLIGHT_ACT_DEPART, FLIGHT_SCH_ARRIVAL, FLIGHT_ACT_ARRIVAL) VALUES (3048, 1052, 2030, 2095, TO_DATE('2023-01-11', 'YYYY-MM-DD'), TO_TIMESTAMP('2023-01-11 06:18:00', 'YYYY-MM-DD HH24:MI:SS'), TO_TIMESTAMP('2023-01-11 06:31:00', 'YYYY-MM-DD HH24:MI:SS'), TO_TIMESTAMP('2023-01-11 10:18:00', 'YYYY-MM-DD HH24:MI:SS'), TO_TIMESTAMP('2023-01-11 10:15:00', 'YYYY-MM-DD HH24:MI:SS'));
INSERT INTO FLIGHTS (FLIGHT_ID, AIR_ID, DEPART_AIRP_ID, ARRIVAL_AIRP_ID, FLIGHT_DATE, FLIGHT_SCH_DEPART, FLIGHT_ACT_DEPART, FLIGHT_SCH_ARRIVAL, FLIGHT_ACT_ARRIVAL) VALUES (3049, 1058, 2056, 2055, TO_DATE('2023-04-18', 'YYYY-MM-DD'), TO_TIMESTAMP('2023-04-18 13:08:00', 'YYYY-MM-DD HH24:MI:SS'), TO_TIMESTAMP('2023-04-18 13:14:00', 'YYYY-MM-DD HH24:MI:SS'), TO_TIMESTAMP('2023-04-18 21:08:00', 'YYYY-MM-DD HH24:MI:SS'), TO_TIMESTAMP('2023-04-18 21:19:00', 'YYYY-MM-DD HH24:MI:SS'));
INSERT INTO FLIGHTS (FLIGHT_ID, AIR_ID, DEPART_AIRP_ID, ARRIVAL_AIRP_ID, FLIGHT_DATE, FLIGHT_SCH_DEPART, FLIGHT_ACT_DEPART, FLIGHT_SCH_ARRIVAL, FLIGHT_ACT_ARRIVAL) VALUES (3050, 1058, 2056, 2055, TO_DATE('2023-06-21', 'YYYY-MM-DD'), TO_TIMESTAMP('2023-06-21 07:13:00', 'YYYY-MM-DD HH24:MI:SS'), TO_TIMESTAMP('2023-06-21 07:06:00', 'YYYY-MM-DD HH24:MI:SS'), TO_TIMESTAMP('2023-06-21 17:13:00', 'YYYY-MM-DD HH24:MI:SS'), TO_TIMESTAMP('2023-06-21 17:22:00', 'YYYY-MM-DD HH24:MI:SS'));
INSERT INTO FLIGHTS (FLIGHT_ID, AIR_ID, DEPART_AIRP_ID, ARRIVAL_AIRP_ID, FLIGHT_DATE, FLIGHT_SCH_DEPART, FLIGHT_ACT_DEPART, FLIGHT_SCH_ARRIVAL, FLIGHT_ACT_ARRIVAL) VALUES (3051, 1056, 2076, 2005, TO_DATE('2023-07-22', 'YYYY-MM-DD'), TO_TIMESTAMP('2023-07-22 04:33:00', 'YYYY-MM-DD HH24:MI:SS'), TO_TIMESTAMP('2023-07-22 04:33:00', 'YYYY-MM-DD HH24:MI:SS'), TO_TIMESTAMP('2023-07-22 06:33:00', 'YYYY-MM-DD HH24:MI:SS'), TO_TIMESTAMP('2023-07-22 06:28:00', 'YYYY-MM-DD HH24:MI:SS'));
INSERT INTO FLIGHTS (FLIGHT_ID, AIR_ID, DEPART_AIRP_ID, ARRIVAL_AIRP_ID, FLIGHT_DATE, FLIGHT_SCH_DEPART, FLIGHT_ACT_DEPART, FLIGHT_SCH_ARRIVAL, FLIGHT_ACT_ARRIVAL) VALUES (3052, 1056, 2005, 2076, TO_DATE('2023-12-31', 'YYYY-MM-DD'), TO_TIMESTAMP('2023-12-31 20:38:00', 'YYYY-MM-DD HH24:MI:SS'), TO_TIMESTAMP('2023-12-31 20:29:00', 'YYYY-MM-DD HH24:MI:SS'), TO_TIMESTAMP('2024-01-01 03:38:00', 'YYYY-MM-DD HH24:MI:SS'), TO_TIMESTAMP('2024-01-01 03:36:00', 'YYYY-MM-DD HH24:MI:SS'));

-- INSERT statements for DELAYS
INSERT INTO DELAYS (DELAY_ID, FLIGHT_ID, DELAY_REASON, DELAY_MINUTES) VALUES (4001, 3001, 'Weather', 7);
INSERT INTO DELAYS (DELAY_ID, FLIGHT_ID, DELAY_REASON, DELAY_MINUTES) VALUES (4002, 3002, 'Technical', 14);
INSERT INTO DELAYS (DELAY_ID, FLIGHT_ID, DELAY_REASON, DELAY_MINUTES) VALUES (4003, 3003, 'Crew', 21);
INSERT INTO DELAYS (DELAY_ID, FLIGHT_ID, DELAY_REASON, DELAY_MINUTES) VALUES (4004, 3004, 'Security', 28);
INSERT INTO DELAYS (DELAY_ID, FLIGHT_ID, DELAY_REASON, DELAY_MINUTES) VALUES (4005, 3005, 'None', 0);
INSERT INTO DELAYS (DELAY_ID, FLIGHT_ID, DELAY_REASON, DELAY_MINUTES) VALUES (4006, 3006, 'Weather', 42);
INSERT INTO DELAYS (DELAY_ID, FLIGHT_ID, DELAY_REASON, DELAY_MINUTES) VALUES (4007, 3007, 'Technical', 49);
INSERT INTO DELAYS (DELAY_ID, FLIGHT_ID, DELAY_REASON, DELAY_MINUTES) VALUES (4008, 3008, 'Crew', 56);
INSERT INTO DELAYS (DELAY_ID, FLIGHT_ID, DELAY_REASON, DELAY_MINUTES) VALUES (4009, 3009, 'Security', 63);
INSERT INTO DELAYS (DELAY_ID, FLIGHT_ID, DELAY_REASON, DELAY_MINUTES) VALUES (4010, 3010, 'None', 0);
INSERT INTO DELAYS (DELAY_ID, FLIGHT_ID, DELAY_REASON, DELAY_MINUTES) VALUES (4011, 3011, 'Weather', 77);
INSERT INTO DELAYS (DELAY_ID, FLIGHT_ID, DELAY_REASON, DELAY_MINUTES) VALUES (4012, 3012, 'Technical', 84);
INSERT INTO DELAYS (DELAY_ID, FLIGHT_ID, DELAY_REASON, DELAY_MINUTES) VALUES (4013, 3013, 'Crew', 91);
INSERT INTO DELAYS (DELAY_ID, FLIGHT_ID, DELAY_REASON, DELAY_MINUTES) VALUES (4014, 3014, 'Security', 98);
INSERT INTO DELAYS (DELAY_ID, FLIGHT_ID, DELAY_REASON, DELAY_MINUTES) VALUES (4015, 3015, 'None', 0);
INSERT INTO DELAYS (DELAY_ID, FLIGHT_ID, DELAY_REASON, DELAY_MINUTES) VALUES (4016, 3016, 'Weather', 112);
INSERT INTO DELAYS (DELAY_ID, FLIGHT_ID, DELAY_REASON, DELAY_MINUTES) VALUES (4017, 3017, 'Technical', 119);
INSERT INTO DELAYS (DELAY_ID, FLIGHT_ID, DELAY_REASON, DELAY_MINUTES) VALUES (4018, 3018, 'Crew', 5);
INSERT INTO DELAYS (DELAY_ID, FLIGHT_ID, DELAY_REASON, DELAY_MINUTES) VALUES (4019, 3019, 'Security', 12);
INSERT INTO DELAYS (DELAY_ID, FLIGHT_ID, DELAY_REASON, DELAY_MINUTES) VALUES (4020, 3020, 'None', 0);
INSERT INTO DELAYS (DELAY_ID, FLIGHT_ID, DELAY_REASON, DELAY_MINUTES) VALUES (4021, 3021, 'Weather', 26);
INSERT INTO DELAYS (DELAY_ID, FLIGHT_ID, DELAY_REASON, DELAY_MINUTES) VALUES (4022, 3022, 'Technical', 33);
INSERT INTO DELAYS (DELAY_ID, FLIGHT_ID, DELAY_REASON, DELAY_MINUTES) VALUES (4023, 3023, 'Crew', 40);
INSERT INTO DELAYS (DELAY_ID, FLIGHT_ID, DELAY_REASON, DELAY_MINUTES) VALUES (4024, 3024, 'Security', 47);
INSERT INTO DELAYS (DELAY_ID, FLIGHT_ID, DELAY_REASON, DELAY_MINUTES) VALUES (4025, 3025, 'None', 0);
INSERT INTO DELAYS (DELAY_ID, FLIGHT_ID, DELAY_REASON, DELAY_MINUTES) VALUES (4026, 3026, 'Weather', 61);
INSERT INTO DELAYS (DELAY_ID, FLIGHT_ID, DELAY_REASON, DELAY_MINUTES) VALUES (4027, 3027, 'Technical', 68);
INSERT INTO DELAYS (DELAY_ID, FLIGHT_ID, DELAY_REASON, DELAY_MINUTES) VALUES (4028, 3028, 'Crew', 75);
INSERT INTO DELAYS (DELAY_ID, FLIGHT_ID, DELAY_REASON, DELAY_MINUTES) VALUES (4029, 3029, 'Security', 82);
INSERT INTO DELAYS (DELAY_ID, FLIGHT_ID, DELAY_REASON, DELAY_MINUTES) VALUES (4030, 3030, 'None', 0);
INSERT INTO DELAYS (DELAY_ID, FLIGHT_ID, DELAY_REASON, DELAY_MINUTES) VALUES (4031, 3031, 'Weather', 96);
INSERT INTO DELAYS (DELAY_ID, FLIGHT_ID, DELAY_REASON, DELAY_MINUTES) VALUES (4032, 3032, 'Technical', 103);
INSERT INTO DELAYS (DELAY_ID, FLIGHT_ID, DELAY_REASON, DELAY_MINUTES) VALUES (4033, 3033, 'Crew', 110);
INSERT INTO DELAYS (DELAY_ID, FLIGHT_ID, DELAY_REASON, DELAY_MINUTES) VALUES (4034, 3034, 'Security', 117);
INSERT INTO DELAYS (DELAY_ID, FLIGHT_ID, DELAY_REASON, DELAY_MINUTES) VALUES (4035, 3035, 'None', 0);
INSERT INTO DELAYS (DELAY_ID, FLIGHT_ID, DELAY_REASON, DELAY_MINUTES) VALUES (4036, 3036, 'Weather', 10);
INSERT INTO DELAYS (DELAY_ID, FLIGHT_ID, DELAY_REASON, DELAY_MINUTES) VALUES (4037, 3037, 'Technical', 17);
INSERT INTO DELAYS (DELAY_ID, FLIGHT_ID, DELAY_REASON, DELAY_MINUTES) VALUES (4038, 3038, 'Crew', 24);
INSERT INTO DELAYS (DELAY_ID, FLIGHT_ID, DELAY_REASON, DELAY_MINUTES) VALUES (4039, 3039, 'Security', 31);
INSERT INTO DELAYS (DELAY_ID, FLIGHT_ID, DELAY_REASON, DELAY_MINUTES) VALUES (4040, 3040, 'None', 0);
INSERT INTO DELAYS (DELAY_ID, FLIGHT_ID, DELAY_REASON, DELAY_MINUTES) VALUES (4041, 3041, 'Weather', 45);
INSERT INTO DELAYS (DELAY_ID, FLIGHT_ID, DELAY_REASON, DELAY_MINUTES) VALUES (4042, 3042, 'Technical', 52);
INSERT INTO DELAYS (DELAY_ID, FLIGHT_ID, DELAY_REASON, DELAY_MINUTES) VALUES (4043, 3043, 'Crew', 59);
INSERT INTO DELAYS (DELAY_ID, FLIGHT_ID, DELAY_REASON, DELAY_MINUTES) VALUES (4044, 3044, 'Security', 66);
INSERT INTO DELAYS (DELAY_ID, FLIGHT_ID, DELAY_REASON, DELAY_MINUTES) VALUES (4045, 3045, 'None', 0);
INSERT INTO DELAYS (DELAY_ID, FLIGHT_ID, DELAY_REASON, DELAY_MINUTES) VALUES (4046, 3046, 'Weather', 80);
INSERT INTO DELAYS (DELAY_ID, FLIGHT_ID, DELAY_REASON, DELAY_MINUTES) VALUES (4047, 3047, 'Technical', 87);
INSERT INTO DELAYS (DELAY_ID, FLIGHT_ID, DELAY_REASON, DELAY_MINUTES) VALUES (4048, 3048, 'Crew', 94);
INSERT INTO DELAYS (DELAY_ID, FLIGHT_ID, DELAY_REASON, DELAY_MINUTES) VALUES (4049, 3049, 'Security', 101);
INSERT INTO DELAYS (DELAY_ID, FLIGHT_ID, DELAY_REASON, DELAY_MINUTES) VALUES (4050, 3050, 'None', 0);
INSERT INTO DELAYS (DELAY_ID, FLIGHT_ID, DELAY_REASON, DELAY_MINUTES) VALUES (4051, 3051, 'Weather', 115);
INSERT INTO DELAYS (DELAY_ID, FLIGHT_ID, DELAY_REASON, DELAY_MINUTES) VALUES (4052, 3052, 'Technical', 1);
